	micha-ii-48,fr751-ii-48,sommer--ii-48,fr111-ii-48,inc-ii-48,lanzarote-ii-48,lancellotto-ii-48
0	0|1	0	0|1	0|1|2	0	0
1	2	1	2	3|4	1	1
2	3	2	3|4	5	2|3	2
3|4|5|6	4|5|6|7|8	3|4|5|6	5|6|7|8|9|10	6|7|8|9|10	4|5	3|4|5|6|7
		7				
	9					
7|8|9|10|11|12|13|14|15	10|11|12|13|14|15|16|17|18	8|9|10|11|12|13|14	11|12|13|14|15|16|17	11|12|13|14|15|16	6|7|8|9|10|11	8|9|10|11|12|13|14
16	19	15	18|19	17	12	15|16
17	20	16	20	18	13|14	17
18	21	17	21	19	15	18
19	22	18|19	22	20|21	16|17	19
20|21	23|24	20	23|24	22|23|24	18|19	20
22	25	21	25	25	20	21
23	26|27	22	26	26	21|22	22|23
24	28	23	27	27	23	24
25	29	24	28	28	24	25
26|27	30	25|26	29|30	29|30	25	26|27
				31		
28|29|30	31	27|28|29	31|32|33|34	32|33	26	28|29|30
31|32	32	30|31	35|36	34	27	31
33	33	32	37	35	28	32
34|35	34|35	33	38|39	36|37	29	33|34
36	36	34	40	38	30	35
37|38	37|38	35|36	41	39|40	31|32	36|37
39|40|41|42|43	39|40|41	37|38|39|40	42|43|44|45|46	41|42|43|44	33|34|35	38|39|40|41
44	42	41	47	45	36	42
45	43	42|43	48	46	37	43
46	44	44	49	47	38	44
47|48|49|50	45|46|47	45|46|47|48	50|51|52	48|49|50|51	39|40	45|46|47
51|52	48	49	53	52	41	48
53|54	49|50	50|51	54|55	53|54	42	49|50|51
55|56	51|52	52|53	56|57	55|56	43	52|53
57|58	53	54	58	57	44	54
59	54	55	59	58		55
60	55	56	60|61	59	45	56|57
61	56	57	62	60	46	58
62	57	58	63	61	47	59|60
63	58	59	64	62	48	61
64|65	59|60	60|61|62	65|66	63	49|50	62|63
66|67|68|69|70	61|62|63|64|65	63|64|65	67|68|69|70	64|65|66|67|68	51|52|53	64|65|66
71	66	66|67	71|72	69	54	67
72|73	67	68	73|74	70|71|72	55|56	68|69
74|75		69	75	73	57|58	70
76		70	76	74	59|60	71
77		71	77	75	61	72
78|79|80	68	72|73|74|75|76	78|79|80	76|77|78	62	73|74|75
81	69	77	81	79		76
82		78	82	80	63	77
83	70	79	83	81	64	78
84|85|86|87	71|72|73|74	80|81|82	84|85|86	82|83|84	65|66|67|68	79|80|81|82
88|89|90|91|92|93|94	75|76|77|78|79	83|84|85|86|87|88|89	87|88|89|90|91|92	85|86|87|88|89	69|70|71|72|73	83|84|85|86|87|88|89
95	80	90	93|94		74|75	90|91
96	81	91	95	90	76|77	92|93
97|98	82	92	96	91	78|79|80	94
99|100|101	83|84|85	93|94|95	97|98|99|100	92|93|94	81|82|83	95|96|97|98
102|103	86|87	96|97	101|102|103|104	95	84|85	99|100|101
104|105|106|107	88|89|90|91	98|99|100|101	105|106|107	96|97	86|87|88|89	102|103|104|105
108|109	92|93	102|103	108|109|110|111|112|113	98	90|91|92|93	106|107|108
			114			
110|111	94|95	104|105|106	115|116|117|118|119	99|100	94	109|110|111|112|113
			120			
112	96	107	121|122	101	95	114|115
			123			
			124			
			125			
113	97	108|109	126|127	102	96	116|117
114|115|116	98|99|100	110|111|112	128|129|130	103	97|98	118|119|120|121|122|123
117|118|119	101|102	113|114|115	131|132|133|134	104	99|100	124|125|126|127
120	103	116|117	135	105	101|102	128
121	104	118	136	106	103	129
122	105|106	119	137	107	104|105	130|131
	107					
123|124|125|126	108|109|110	120|121|122	138|139|140|141	108|109|110	106|107	132|133|134|135
127	111	123|124	142	111	108|109	136
128	112|113	125|126	143|144	112	110|111	137|138
129	114	127	145	113	112	139
130	115	128	146	114	113	140
131|132	116|117	129|130|131	147|148	115|116	114	141|142
133|134	118|119|120	132|133	149|150	117	115	143|144
135	121|122	134|135	151|152	118|119	116|117	145|146
136|137	123|124	136	153	120	118	147
138|139	125	137	154	121|122	119	148
140|141|142	126|127|128	138|139	155|156|157|158|159	123|124	120|121	149|150|151
143|144|145	129|130|131|132	140|141|142|143	160|161	125|126	122|123	152|153|154
146	133	144	162	127	124	155
147	134	145	163	128	125	156
148	135	146	164	129	126	157
149	136	147	165	130	127	
150|151	137	148	166	131	128	158
152|153|154	138|139	149|150|151	167|168|169	132|133|134	129	159|160|161
155|156|157|158|159	140|141|142|143	152|153|154|155	170|171|172|173	135|136|137|138|139	130|131|132|133	162|163|164|165|166
160	144	156	174	140|141	134	167|168
161|162	145|146	157|158	175	142|143	135|136|137	169|170
163	147	159	176	144	138|139	171
164	148	160	177	145	140	172
165|166	149|150|151	161|162	178|179	146|147	141	173|174
167	152|153	163	180	148	142	175
168|169	154|155	164	181|182	149	143	176|177
170	156	165	183	150	144	178
171|172|173	157|158|159|160	166|167|168|169	184|185	151|152	145|146	179|180|181|182|183
174|175	161|162	170|171	186|187	153|154	147	184|185
176	163	172	188	155	148	186
177	164	173	189	156	149	187
178	165	174	190	157	150	188
179	166	175	191	158	151	189
180|181|182	167|168|169|170	176|177	192|193|194	159|160|161	152|153|154	190|191|192
183	171	178	195	162	155	193
184	172|173	179	196|197	163|164	156|157	194
	174					
	175					
	176					
185	177|178	180|181	198	165|166	158|159	195|196
186	179	182	199	167	160|161	197
187	180	183	200	168	162	198
188|189	181	184|185	201|202	169|170	163|164	199|200
190|191	182	186|187	203|204|205	171|172	165|166|167	201|202|203
192	183	188|189	206|207	173|174	168|169	204|205
193|194|195	184|185	190|191|192|193	208|209|210|211	175|176|177	170|171	206|207|208
196|197	186|187	194|195	212|213	178|179	172	209|210
198|199|200|201	188|189|190|191|192	196|197|198|199	214|215|216	180|181|182|183	173|174	211|212|213
202	193	200	217	184	175	214
203	194	201	218	185	176	215
204|205	195	202	219|220|221|222	186|187	177|178	216|217
206|207|208	196|197|198	203|204|205|206	223|224|225	188|189	179|180	218|219
209	199	207	226	190	181	220
210	200	208	227|228	191	182	221
211|212	201	209	229	192|193	183|184	222|223|224
213|214|215|216|217	202|203|204|205|206	210|211|212	230|231|232|233|234|235	194|195|196|197	185|186|187|188	225|226|227|228|229
218|219|220	207|208	213|214|215|216	236|237|238|239	198|199	189|190|191|192	230|231|232|233
221	209|210	217|218	240|241	200	193|194	234|235
						236
						237
						238
222	211	219	242|243	201	195	239|240
223|224	212	220|221	244|245	202|203	196|197|198|199	241|242
225	213	222	246	204	200	243
226|227|228|229|230	214|215|216|217|218	223|224|225|226|227	247|248|249|250|251|252	205|206|207	201|202|203	244|245|246|247|248
231	219	228|229	253|254	208	204	249|250
232|233	220|221|222	230|231	255|256	209	205	251|252|253
234|235|236|237	223|224|225	232|233|234	257|258	210|211	206|207	254|255|256
			259			
238|239	226|227	235|236	260|261	212	208	257|258
240|241	228	237|238|239	262|263	213	209	259|260
242	229	240	264	214		261|262
243|244	230|231	241|242	265|266	215|216	210	263
245|246|247	232|233	243|244|245	267|268|269	217|218	211	264|265|266|267
248	234	246	270	219	212|213	268
249|250	235|236|237	247	271|272	220|221|222|223	214|215|216	269|270|271
251	238|239	248	273|274	224	217	272
252|253|254	240|241	249|250	275|276	225|226	218|219	273|274|275
255|256|257|258	242|243|244	251|252|253|254	277|278|279	227|228|229	220	276|277|278|279
259	245	255	280	230		280
260|261|262|263|264	246|247|248|249|250	256|257|258|259|260|261	281|282|283|284|285	231|232|233	221|222|223	281|282|283|284|285
265|266|267|268|269	251|252|253|254	262|263|264	286|287|288|289|290	234|235|236|237	224|225	286|287|288|289
270|271	255|256	265|266	291|292	238	226|227|228|229	290|291
272|273|274	257|258|259|260	267|268|269	293|294	239|240	230|231|232|233|234	292|293|294|295
275	261	270	295	241	235	296
276|277|278|279|280	262|263|264|265|266|267	271|272|273|274|275|276	296|297|298|299	242|243|244|245|246|247	236|237|238|239	297|298|299|300|301
281	268	277	300	248	240	302
282|283|284	269|270|271	278|279|280	301|302|303	249|250	241|242	303|304|305|306
285|286	272|273	281|282	304|305	251|252	243	307|308
287|288|289	274|275|276	283|284	306|307|308	253|254	244|245|246	309|310|311
290|291	277	285|286	309|310	255|256	247|248	312|313
292	278	287|288	311	257	249	314
293|294	279|280	289|290	312|313	258|259	250|251|252|253	315
295|296|297	281|282|283	291|292	314|315|316|317|318	260|261|262	254|255	316|317|318|319
298	284	293	319|320	263	256|257	320|321
299|300|301	285|286	294|295|296	321|322|323	264|265|266	258|259	322|323
302	287	297	324	267	260	324
303	288	298	325	268	261	325
304|305|306|307	289|290|291|292	299|300|301	326|327|328	269|270	262|263|264|265	326|327|328|329
308	293	302	329	271	266	330
309	294	303	330	272	267	331
310	295	304	331	273	268	332
311	296	305	332	274	269	333
312	297	306	333	275	270	334
						335
313|314|315	298|299	307|308	334|335|336|337	276|277|278	271|272	336|337|338
316|317|318|319|320	300|301|302|303	309|310|311|312	338|339|340|341	279|280|281	273|274|275	339|340|341|342|343
321	304	313	342	282	276	344
322|323|324	305|306	314	343	283|284	277|278	345|346
325|326	307|308|309|310	315|316|317	344	285|286	279|280|281	347|348|349
327	311	318	345	287	282|283	350|351
328|329	312|313	319|320	346|347	288|289	284	352|353
330|331	314|315	321|322	348	290|291	285	354|355
332|333|334	316|317	323|324	349|350	292	286|287	356|357|358
335|336	318	325|326|327	351	293	288|289	359|360
337|338|339	319|320	328|329	352|353|354	294|295|296|297	290|291	361|362|363|364
340|341	321|322	330|331	355|356	298|299	292	365|366
342|343	323|324	332|333	357|358	300|301	293	367|368
344|345|346	325|326|327	334|335|336|337	359|360|361	302|303	294|295	369|370|371|372
347	328	338	362	304		373
348	329	339	363	305	296	374
349	330|331	340|341	364	306|307	297|298	375|376
350|351|352|353	332|333|334	342|343|344	365|366|367|368	308|309|310|311	299|300|301|302	377|378|379|380|381
	335					
354	336|337	345	369|370	312	303|304	382|383
355|356	338	346|347	371|372	313	305|306	384
357	339|340	348	373	314	307	385|386
358	341	349	374	315	308	387
359|360	342|343	350|351	375|376	316|317	309	388|389
361	344	352	377	318	310	390
362|363|364|365	345|346|347|348	353|354|355|356	378|379|380|381	319	311|312|313|314	391|392|393|394|395|396
366|367|368|369|370|371	349|350|351|352|353	357|358|359|360|361	382|383|384|385|386	320|321|322|323	315|316|317	397|398|399|400|401|402
372|373	354|355	362|363	387|388	324|325	318	403|404|405
374	356	364|365	389	326	319	406|407
375|376|377	357|358	366|367|368	390|391|392|393|394	327|328|329	320|321	408|409|410
378|379|380|381|382|383|384	359|360|361|362	369|370|371|372|373|374	395|396|397|398|399|400	330|331|332|333|334|335	322|323|324|325|326	411|412|413|414|415
385|386|387|388	363|364|365|366|367	375|376|377|378	401|402|403	336|337	327|328|329|330	416|417|418|419|420
389	368	379	404		331	421
390|391	369|370	380	405		332|333|334|335	422|423|424
392|393|394|395	371|372|373|374	381|382	406|407	338|339|340	336|337|338|339|340|341	425|426|427|428|429
396	375	383	408|409	341	342|343	430
397	376|377	384	410|411	342	344|345	431|432
						433
398|399|400|401	378|379|380|381	385|386|387	412|413|414|415	343|344	346|347|348|349|350|351|352	434|435|436|437
402|403|404|405|406	382|383|384|385|386	388|389|390|391	416|417|418|419|420	345|346|347	353|354|355	438|439|440|441|442|443
407|408|409|410|411	387|388	392|393|394|395|396|397	421|422|423|424|425|426|427	348|349|350|351|352	356|357|358|359|360	444|445|446|447|448|449|450
					361	
					362	
412	389	398|399	428	353	363|364	451
413	390	400|401	429	354	365	452
414|415|416	391|392|393	402|403|404|405	430|431|432	355|356|357	366|367	453|454|455
417|418	394|395	406|407	433|434	358	368|369	456|457
419	396	408	435		370	458
420|421|422|423|424	397|398|399|400	409|410|411|412|413	436|437|438|439	359|360|361	371|372|373	459|460|461
425	401	414	440	362	374	462
426	402	415	441	363	375	463
427	403	416	442	364	376	464
428	404	417	443	365	377	465
429|430	405|406	418	444|445	366|367	378	466|467
431	407|408	419|420	446|447	368|369	379|380	468|469
432	409	421	448	370	381|382	470
433	410	422	449	371	383	471
434	411	423	450	372	384	472
435	412	424	451	373	385	473
436|437	413|414	425|426|427	452|453	374|375	386	474|475
438|439	415|416	428|429	454|455	376	387	476|477
440|441	417|418	430|431	456|457		388	478|479
442|443	419	432	458|459	377	389	480
444|445	420|421	433|434	460|461	378|379	390	481|482
446|447	422|423	435|436|437	462|463	380|381	391	483|484|485
448|449|450|451	424|425|426|427	438|439|440|441	464|465|466	382|383	392|393|394|395	486|487|488|489|490
452|453	428|429|430	442|443	467|468	384	396|397|398|399	491|492|493
						494
454|455|456	431|432	444|445|446	469|470|471	385|386|387|388	400|401	495|496|497|498
457	433	447	472	389	402	499
458	434	448	473	390	403	500
459|460	435|436	449|450	474|475	391	404|405	501|502
461	437	451	476	392	406	503
462|463|464	438|439	452|453|454	477|478	393|394	407|408	504|505
465|466|467|468	440|441|442|443	455|456|457	479|480|481	395|396	409|410	506|507|508
469	444	458	482	397	411	509
470	445	459	483	398	412	510
471	446	460	484	399	413	511
472|473|474	447	461|462|463	485|486|487	400|401|402	414|415	512|513|514
475|476|477|478|479	448|449|450	464|465|466|467|468	488|489|490|491|492	403|404|405	416|417|418|419	515|516|517|518|519
480|481	451|452	469|470|471	493|494	406|407|408	420	520|521
482|483|484|485	453|454|455|456	472|473|474|475|476|477	495|496|497	409|410|411|412|413	421|422	522|523|524|525
486|487	457|458|459	478|479|480	498|499|500	414|415	423	526|527
488	460	481	501	416	424	528
489|490	461|462|463	482|483	502|503	417	425|426|427|428	529|530|531|532|533
491|492|493	464|465	484|485	504|505	418|419	429|430|431	534|535
494|495|496|497	466|467|468|469	486|487|488	506|507|508|509	420|421|422	432|433|434	536|537|538|539
498|499	470|471	489|490	510|511	423|424	435	540|541
500|501|502	472|473|474	491|492	512|513|514	425|426|427	436|437	542|543|544|545
		493				
503	475	494	515	428	438	546
504	476	495	516	429	439	547
505	477	496	517	430	440	548
506|507|508|509|510|511	478|479|480|481|482	497|498|499|500|501	518|519|520|521	431|432|433|434|435|436	441|442|443|444|445|446|447	549|550|551|552|553
512	483	502	522	437	448	554
513	484	503	523	438	449	555|556
514|515	485|486	504|505	524|525	439|440	450|451|452	557
						558
516	487|488	506|507	526	441|442	453|454	559|560
517	489	508	527	443	455|456	561|562
518	490	509	528	444	457	563
519|520	491|492	510|511	529|530	445|446	458	564|565
521	493	512|513	531|532	447|448	459	566
522|523|524|525|526	494|495|496|497|498	514|515|516|517	533|534|535|536	449|450|451|452|453	460|461|462|463	567|568|569|570|571|572
527|528	499|500|501	518	537|538|539	454	464|465|466	573|574|575|576
529	502	519	540	455	467	577
530|531|532	503|504	520|521|522	541|542	456|457	468|469	578|579|580
533|534|535|536	505|506|507|508	523|524|525|526	543|544|545|546	458|459	470|471|472|473	581|582|583
537|538	509|510	527|528	547|548	460|461	474|475	584
539|540	511|512|513	529|530	549|550	462|463	476|477	585
541|542|543	514	531|532	551|552|553	464|465	478|479|480|481	586|587
544|545	515|516	533|534	554|555	466|467	482	588|589
546	517	535|536	556	468	483	590
547	518	537	557	469|470	484|485	591
548	519	538|539	558	471|472	486	592
549	520	540	559	473	487	593
550	521	541	560	474	488	594
551|552	522|523	542|543	561|562	475|476	489	595|596
553	524	544	563	477	490	597
554|555	525|526|527	545|546|547	564|565|566|567	478|479|480	491	598|599|600
					492	
556		548	568	481	493	
557	528	549|550	569	482	494|495	601
558	529	551	570	483	496	602
559	530	552	571	484	497	603
560|561|562|563	531|532	553|554|555	572|573|574	485|486|487	498|499|500|501	604|605
564|565	533|534	556|557	575|576	488|489	502	606|607
566|567	535|536	558|559	577|578	490	503|504	608|609|610
568|569|570	537|538|539|540	560|561	579|580	491|492	505	611|612|613
571|572	541|542	562|563	581	493	506	614|615
573	543	564|565	582	494	507	616
574|575|576|577|578|579|580|581|582|583|584	544|545|546|547|548|549|550|551|552	566|567|568|569|570|571	583|584|585|586|587|588|589|590|591	495|496|497|498|499	508|509|510|511|512|513|514|515	617|618|619|620|621|622|623|624
585	553	572	592		516	625
586|587	554|555	573|574	593|594	500|501	517	626|627|628|629
588|589	556|557	575|576	595	502	518|519	630|631
590	558	577	596	503	520	632
591|592	559|560	578|579	597	504|505	521	633|634|635|636
593	561	580	598	506	522	637
594	562	581	599	507	523	638
595|596	563|564	582|583	600|601	508|509	524	639|640
597|598|599|600|601|602|603	565|566|567|568|569|570|571|572|573	584|585|586|587|588|589|590|591	602|603|604|605|606|607|608	510|511|512|513	525|526|527|528|529	641|642|643|644|645|646|647|648|649
604	574	592|593	609	514	530|531	650|651
605	575	594	610	515	532	652
606	576	595	611	516	533|534	653
607	577|578	596|597	612|613	517|518	535|536	654|655
608|609	579|580|581	598|599	614|615	519|520|521	537	656|657|658|659
610	582	600	616	522	538|539	660
611|612|613|614	583|584|585	601|602|603	617|618|619	523|524	540|541	661|662|663|664|665
615|616	586	604	620|621	525|526	542|543|544	666|667
617|618	587|588	605|606	622|623	527|528	545	668|669
619|620	589|590	607|608	624|625	529	546|547	670|671
621	591|592	609|610	626	530|531	548|549	672|673
622|623|624|625|626|627|628|629	593|594|595|596|597|598|599|600|601	611|612|613|614|615|616|617	627|628|629|630|631|632|633	532|533|534|535	550|551|552|553|554|555	674|675|676|677|678|679
630|631	602	618|619	634|635|636	536|537|538	556|557|558	680|681|682
632|633	603|604|605	620|621	637|638	539|540|541	559	683|684|685
634	606|607	622	639|640	542	560|561	686|687
635|636|637	608|609	623|624|625	641|642|643	543|544|545	562|563	688|689
638|639	610|611	626|627	644|645|646	546|547	564	690|691|692
640|641	612|613|614	628	647|648	548	565	693|694
642|643|644|645|646|647	615|616|617|618|619|620	629|630|631|632|633|634	649|650|651|652|653	549|550|551|552	566|567|568|569	695|696|697|698|699
648|649	621|622	635|636|637	654	553	570|571	700|701
650|651|652	623|624	638|639	655|656|657	554|555	572|573|574|575	702|703
653|654|655	625|626|627	640|641|642	658|659|660	556|557	576|577|578	704|705|706
656|657	628|629	643|644	661|662|663	558	579	707|708|709
658|659	630|631	645|646	664|665	559|560	580	710|711
660|661|662	632|633|634	647|648|649	666|667|668	561|562|563	581|582	712|713|714
663|664	635|636|637	650|651	669|670	564|565	583	715|716
665	638	652	671	566	584	717
666|667|668	639|640|641	653|654|655|656	672|673|674	567|568	585|586	718|719|720
669	642	657	675	569	587	721
670	643|644	658	676	570	588	722
671|672|673|674	645|646|647|648	659|660|661|662|663	677|678|679	571	589|590|591	723|724|725|726
675|676	649|650	664|665|666	680|681	572	592|593	727|728|729|730
677	651	667	682	573	594	731
678|679|680|681|682|683	652|653|654|655|656|657|658|659	668|669|670|671|672	683|684|685|686|687|688	574|575|576|577	595|596|597|598|599|600|601	732|733|734|735|736|737|738
						739
684|685|686	660|661	673|674	689|690|691|692	578	602|603|604|605	740|741
687|688|689	662|663	675|676	693|694|695	579	606|607	742|743|744
690|691|692	664|665	677|678	696|697	580|581	608|609	745|746|747
693	666	679	698	582	610	748
694	667	680	699	583	611	749
695|696|697|698|699	668|669|670|671	681|682|683|684|685	700|701|702|703	584|585|586	612|613|614	750|751|752|753|754
700|701|702|703|704|705	672|673|674|675|676	686|687|688|689|690	704|705|706|707|708	587|588|589	615|616|617|618	755|756|757
706|707	677|678	691|692|693	709|710|711	590	619|620|621|622	758|759|760
708|709	679|680	694|695	712|713	591	623|624	761|762|763
710	681	696	714	592	625	764
711	682|683	697|698	715|716	593|594	626|627	765
712	684	699|700	717	595	628|629	766|767
713|714|715|716|717|718	685|686|687|688	701|702|703|704|705	718|719|720|721	596|597|598	630|631|632	768|769|770|771|772
719|720	689|690	706|707|708	722|723|724	599	633	773|774|775
721	691	709	725		634	776|777
722|723	692|693	710|711	726|727	600	635|636	778
724|725|726	694|695|696	712|713	728|729|730	601	637|638	779|780
727|728|729|730	697|698	714|715|716	731|732|733|734	602|603	639|640|641|642	781|782|783|784
731	699	717	735		643	785
732|733|734|735	700|701|702	718|719|720	736|737|738|739	604|605|606	644|645	786|787|788
736|737	703|704	721	740|741	607	646|647|648	789
738|739	705|706|707	722|723|724	742|743	608	649	790|791|792
740|741|742|743|744|745	708|709|710|711	725|726|727|728|729	744|745|746|747|748|749	609|610|611|612	650|651|652|653|654	793|794|795|796|797|798
746|747	712|713	730|731	750	613	655	799
748|749	714|715	732|733	751|752|753|754		656	800
750	716|717	734	755|756	614	657	801|802
						803
	718					
	719					
751|752	720|721|722	735|736	757|758	615	658|659|660	804|805|806
753	723	737	759	616	661	807
754	724	738	760	617|618	662	808
755	725	739	761|762	619	663	809
756	726	740	763	620	664	810
757|758|759|760	727|728|729|730	741|742|743	764|765|766|767	621|622|623	665|666	811|812|813
761|762	731	744|745	768|769	624	667|668|669	814|815
763|764|765	732|733|734	746|747|748	770|771|772	625|626	670|671|672	816|817|818
766	735	749	773	627	673	819
767|768	736|737|738	750|751|752	774|775|776	628	674	820|821|822
769	739	753	777	629	675	823
770	740	754	778	630	676	824
771	741	755	779	631	677	825
772	742	756	780	632	678	826
773	743	757	781		679	827
774|775	744|745|746	758|759|760	782|783	633	680|681	828|829
776|777	747|748	761|762	784|785	634	682	830|831
778	749	763	786	635	683|684	832
779|780|781	750|751|752|753	764|765|766	787|788	636|637|638	685|686	833|834|835
782	754	767	789	639	687	836
783	755	768	790	640	688	837
784|785	756|757	769|770	791|792	641	689|690|691	838|839
		771				
		772				
786|787|788|789|790	758|759|760|761|762|763	773|774|775|776|777	793|794|795|796|797	642|643|644|645	692|693|694	840|841|842|843|844
791	764|765	778	798	646|647	695	845|846
792	766	779	799	648	696|697	847
793|794|795	767|768|769	780|781|782	800|801|802	649|650|651	698|699|700	848|849
796	770	783	803	652	701	850
797	771	784	804	653	702	851
798|799	772	785	805|806|807	654	703|704	852
800	773	786|787	808	655	705|706	853|854
		788				
801|802|803|804	774|775|776	789|790|791	809|810	656|657|658	707|708|709	855|856|857
805	777|778	792|793	811	659	710	858
806	779|780	794|795	812|813	660	711|712	859
807|808|809|810	781|782	796|797|798	814|815	661|662|663	713|714|715	860|861|862
811|812	783|784|785	799|800	816|817	664	716|717	863|864
813	786	801	818	665	718	865
814|815	787|788	802|803	819|820	666|667	719	866|867
816	789	804	821	668	720	868
817	790|791	805|806	822|823	669	721	869
818|819	792|793	807|808	824|825	670|671	722|723|724	870
820|821|822	794|795	809|810	826|827|828	672|673	725|726	871|872|873
823	796|797	811	829	674|675	727	874|875
824	798	812	830	676	728	876
825|826	799|800	813	831|832	677|678	729|730|731	877|878|879
827|828	801	814|815	833|834	679|680	732|733|734	880|881|882
829|830	802|803	816|817	835	681|682	735	883|884
831|832	804|805	818|819	836|837	683	736|737	885
833	806	820	838			886
834|835	807	821|822	839|840	684	738	887
836|837|838	808|809|810	823|824	841|842	685|686	739|740	888|889|890
839|840	811|812	825|826|827	843|844	687	741|742	891|892
841|842|843|844	813|814|815|816|817	828|829	845|846|847|848|849	688|689|690|691	743|744|745|746|747|748	893|894|895|896
845	818	830	850|851	692|693	749	897
846	819	831	852	694	750	898
847|848	820	832	853|854	695|696	751|752|753	899|900|901
849	821|822	833	855	697	754|755	902|903
850|851|852	823|824|825	834|835	856|857|858	698|699|700	756|757	904|905|906|907
853	826	836	859	701	758	908
854|855	827|828	837|838	860|861	702|703	759	909|910
856|857|858|859	829|830|831|832	839|840|841	862|863|864|865	704|705|706|707	760|761|762	911|912|913
860|861|862|863|864|865	833|834|835|836|837	842|843|844|845|846|847	866|867|868|869|870|871|872	708|709|710|711|712|713	763|764|765	914|915|916|917|918|919
866|867|868|869|870|871|872|873|874|875	838|839|840|841|842|843|844|845|846|847|848	848|849|850|851|852	873|874|875|876	714|715|716|717|718|719|720|721	766|767|768|769|770|771	920|921|922|923|924|925|926|927|928|929|930
876|877|878|879	849|850	853|854|855|856|857	877|878|879|880	722|723|724|725	772|773|774|775	931|932|933|934|935
880	851	858	881	726	776	936
881|882	852|853	859|860	882|883	727	777|778	937|938
883|884	854|855	861	884	728	779|780	939
885|886|887	856|857|858	862|863	885|886|887	729|730	781|782	940|941|942|943
888|889	859	864	888	731	783	944|945|946|947
890|891	860	865|866	889	732|733	784	948|949
892|893	861|862	867|868	890	734|735	785	950|951|952
894|895	863|864	869	891|892	736|737	786	953|954|955
						956
896	865	870	893	738|739	787	957
897	866|867	871|872	894|895	740	788	958|959
898|899	868|869	873|874	896|897	741	789|790	960|961
900	870	875	898		791	962
901|902|903	871|872	876|877|878|879	899|900	742|743|744|745	792|793|794	963|964|965|966|967|968
	873					
904	874	880	901|902	746	795	969
905	875	881	903	747	796	970
906	876|877	882|883	904|905	748|749	797	971|972
907	878	884	906		798	973
908	879	885	907	750	799	974
909	880	886	908	751	800	975
910|911|912|913	881|882|883|884	887|888|889	909|910|911	752|753|754|755	801|802|803|804	976|977|978|979|980
914	885	890	912	756	805	981|982
915|916|917	886|887|888	891|892|893	913|914|915	757|758	806|807	983|984|985
918	889	894	916	759	808	986
919|920	890	895	917|918	760	809	987
921	891	896	919	761	810	988
922	892	897	920	762	811	989
923|924|925|926	893|894|895|896	898|899|900|901	921|922|923|924	763|764	812|813|814|815	990|991|992|993|994|995|996
927|928|929	897|898	902|903	925|926	765|766|767|768	816|817	997|998
930	899	904	927	769	818|819	999|1000
931	900|901	905	928	770	820	1001
932|933|934	902|903|904	906|907|908	929|930	771|772|773	821|822	1002|1003|1004|1005
935	905	909	931|932	774	823	1006
936|937	906|907	910|911	933|934	775	824|825|826	1007|1008
938	908	912	935	776	827|828	1009
939|940	909|910	913|914	936|937	777|778	829|830	1010
941|942	911	915|916|917	938|939|940	779	831|832	1011|1012
943	912	918|919	941	780	833|834	1013|1014
944|945|946|947|948	913|914|915|916	920|921|922|923	942|943|944	781|782|783|784|785|786	835|836|837	1015|1016|1017|1018|1019
949	917	924	945	787	838	1020
950	918	925	946	788	839	1021
951|952	919|920|921	926|927	947|948		840	1022|1023
953	922	928	949			1024
954|955	923|924	929|930	950|951	789	841	1025|1026
956|957|958|959|960|961	925|926|927|928|929	931|932|933|934|935|936|937|938	952|953|954	790|791|792|793|794	842|843|844|845	1027|1028|1029|1030|1031
962|963|964|965	930|931|932|933	939|940|941|942	955|956|957	795|796	846|847|848|849	1032|1033|1034
966	934	943	958	797	850	1035
967	935	944	959	798	851	1036
968|969|970|971|972|973|974|975|976	936|937|938|939|940|941	945|946|947|948|949|950|951|952	960|961|962|963|964|965|966|967|968	799|800|801|802|803|804|805	852|853|854|855|856|857|858|859	1037|1038|1039|1040|1041|1042|1043
977	942	953	969	806	860|861	1044
978	943	954	970	807	862|863	1045
979	944	955	971	808	864	1046
980	945	956	972	809	865	1047
981	946	957	973	810	866	1048
982	947	958	974	811	867|868	1049
983|984|985|986|987	948|949|950|951|952|953	959|960|961|962|963|964|965	975|976|977|978|979|980|981	812|813|814|815|816	869|870|871	1050|1051|1052|1053|1054|1055|1056
988	954	966	982	817	872	1057
989|990|991|992|993|994	955|956|957|958|959	967|968|969|970|971|972|973	983|984|985	818|819|820	873|874|875|876|877	1058|1059|1060|1061|1062|1063
995|996	960|961	974|975	986|987	821	878|879	1064|1065
997	962	976	988	822	880	1066
998	963|964	977|978	989|990	823	881	1067|1068
999		979	991	824	882	1069
1000	965	980	992	825	883	1070
1001	966	981	993	826	884|885	1071
1002|1003|1004	967|968|969	982|983	994|995	827|828	886|887	1072|1073|1074
1005	970	984	996|997	829	888	1075
1006	971	985	998	830	889|890	1076|1077
	972					
1007	973|974	986	999	831	891|892	1078
1008	975	987|988	1000	832	893|894	1079|1080
1009	976	989	1001	833	895|896	1081
1010|1011|1012	977|978|979	990|991|992	1002|1003|1004	834|835	897|898	1082|1083
1013|1014|1015	980|981|982	993	1005|1006	836|837	899|900|901	1084|1085|1086
1016|1017|1018	983|984|985	994|995	1007|1008	838|839|840|841|842	902	1087|1088|1089|1090|1091
1019|1020	986	996	1009	843|844	903	1092
1021|1022	987|988	997|998	1010|1011	845|846	904	1093
1023	989	999	1012	847		1094
1024|1025|1026|1027	990|991|992|993	1000|1001	1013|1014|1015|1016|1017	848|849	905|906	1095|1096|1097|1098
1028|1029|1030|1031|1032	994|995|996|997	1002|1003|1004|1005	1018|1019|1020	850|851	907|908|909|910	1099|1100|1101|1102
	998					
1033	999		1021		911	1103
1034|1035|1036	1000|1001|1002	1006	1022|1023	852|853	912|913|914	1104|1105
					915	
1037|1038|1039	1003|1004	1007|1008|1009|1010	1024|1025|1026	854|855	916|917|918|919|920	1106|1107|1108
1040	1005	1011	1027	856	921|922	1109|1110
1041|1042|1043	1006|1007|1008	1012|1013|1014|1015	1028|1029	857|858	923|924	1111|1112|1113|1114
1044	1009|1010	1016|1017	1030|1031	859|860	925	1115
1045	1011	1018	1032	861	926	1116
1046|1047|1048|1049	1012|1013|1014	1019|1020|1021	1033|1034|1035	862|863|864	927|928	1117|1118|1119
1050|1051	1015|1016|1017	1022|1023	1036|1037	865	929|930	1120|1121|1122
1052|1053	1018|1019	1024	1038	866	931	1123|1124
1054|1055	1020|1021	1025|1026	1039|1040	867|868|869	932	1125|1126
					933	
1056	1022|1023	1027|1028	1041|1042	870|871	934|935	1127|1128
1057	1024	1029	1043	872	936|937	1129
1058|1059|1060|1061	1025|1026|1027	1030|1031|1032|1033	1044|1045|1046|1047	873|874|875	938|939|940	1130|1131|1132|1133
1062|1063|1064	1028|1029|1030	1034|1035|1036	1048|1049|1050	876|877|878	941|942	1134|1135|1136
1065	1031	1037	1051	879	943	1137
1066	1032	1038	1052	880	944|945	1138
1067|1068|1069|1070	1033|1034|1035	1039|1040|1041|1042|1043	1053|1054|1055	881|882	946|947|948|949|950|951	1139|1140|1141|1142
1071|1072	1036|1037	1044	1056|1057	883	952	1143|1144
1073|1074|1075	1038|1039|1040	1045|1046|1047	1058|1059|1060	884|885	953|954	1145|1146|1147
1076|1077|1078	1041|1042	1048|1049	1061|1062|1063	886|887	955|956	1148|1149|1150
1079	1043	1050	1064	888	957	1151
1080	1044	1051	1065	889	958|959	1152
1081|1082|1083|1084|1085|1086	1045|1046|1047|1048|1049|1050	1052|1053|1054|1055|1056|1057	1066|1067|1068|1069|1070	890|891|892|893	960|961|962|963	1153|1154|1155|1156|1157|1158
1087	1051	1058	1071	894		1159
1088|1089	1052	1059|1060	1072|1073		964	1160
1090|1091|1092|1093	1053|1054|1055	1061|1062|1063|1064	1074|1075|1076	895|896	965|966|967	1161|1162|1163|1164
1094	1056	1065	1077	897	968	1165
1095|1096	1057|1058	1066|1067	1078|1079	898|899	969|970	1166
1097|1098	1059|1060	1068|1069	1080|1081	900	971|972	1167|1168|1169
1099|1100	1061|1062	1070|1071	1082|1083	901|902	973	1170|1171
1101	1063	1072	1084	903	974	1172
1102|1103	1064|1065|1066	1073|1074|1075	1085|1086|1087	904	975|976	1173|1174
1104|1105	1067|1068	1076|1077	1088|1089|1090	905	977|978	1175|1176
1106	1069	1078	1091		979|980	1177
1107	1070	1079	1092		981	1178
1108|1109	1071|1072	1080|1081	1093|1094|1095	906	982	1179|1180|1181
1110|1111	1073	1082	1096	907	983	1182
1112	1074	1083	1097		984	1183
1113|1114|1115|1116	1075|1076|1077|1078|1079	1084|1085	1098|1099|1100|1101	908|909	985|986|987|988	1184|1185|1186
1117	1080|1081	1086	1102	910|911	989	1187|1188
1118|1119|1120|1121|1122|1123|1124	1082|1083|1084|1085|1086|1087|1088|1089|1090	1087|1088|1089	1103|1104|1105|1106|1107|1108|1109	912|913|914|915|916	990|991|992|993|994|995|996|997|998	1189|1190|1191|1192|1193|1194|1195
1125|1126	1091|1092	1090	1110|1111	917	999	1196|1197
1127|1128|1129	1093|1094	1091	1112|1113	918|919	1000|1001	1198|1199
1130|1131	1095|1096	1092	1114|1115	920|921	1002	1200|1201
1132	1097|1098	1093|1094	1116|1117	922	1003|1004	1202|1203
1133	1099	1095	1118	923	1005	1204
1134|1135	1100|1101	1096|1097|1098	1119|1120	924	1006|1007|1008	1205|1206
1136|1137|1138	1102|1103	1099|1100|1101|1102	1121|1122|1123	925|926|927	1009|1010	1207|1208|1209
1139|1140	1104|1105	1103	1124|1125	928|929	1011|1012	1210|1211
1141	1106	1104|1105	1126|1127	930	1013	1212|1213
1142|1143|1144	1107|1108|1109	1106|1107	1128|1129|1130	931|932	1014|1015|1016|1017	1214|1215|1216
1145	1110|1111	1108|1109	1131	933	1018	1217|1218
1146	1112	1110	1132	934|935	1019	1219
1147|1148	1113|1114	1111|1112	1133|1134	936	1020|1021|1022|1023	1220|1221|1222|1223|1224|1225
1149|1150|1151	1115|1116|1117	1113|1114|1115	1135|1136|1137	937|938|939	1024|1025	1226|1227|1228|1229
1152	1118	1116	1138	940	1026	1230|1231
1153|1154|1155	1119|1120|1121	1117|1118|1119	1139|1140|1141	941|942|943|944	1027|1028	1232|1233|1234|1235
1156|1157|1158	1122|1123|1124|1125	1120|1121|1122	1142|1143|1144|1145|1146	945|946	1029|1030	1236|1237|1238|1239|1240
1159|1160	1126|1127	1123|1124	1147|1148	947	1031|1032	1241|1242
1161|1162|1163|1164	1128|1129|1130|1131	1125|1126|1127|1128	1149|1150	948|949|950	1033|1034|1035|1036|1037	1243|1244|1245|1246
1165|1166|1167|1168	1132|1133|1134	1129|1130|1131|1132|1133	1151|1152|1153	951|952	1038|1039|1040	1247|1248|1249|1250
1169|1170|1171|1172|1173	1135|1136|1137|1138|1139	1134|1135|1136|1137	1154|1155|1156|1157|1158	953|954|955|956	1041|1042|1043|1044|1045	1251|1252|1253|1254|1255
1174	1140	1138	1159	957	1046	1256
1175|1176	1141|1142	1139|1140	1160	958	1047|1048	1257|1258
1177|1178	1143|1144|1145	1141|1142|1143	1161|1162|1163	959|960	1049|1050|1051	1259
1179	1146	1144	1164|1165	961	1052	1260|1261
1180|1181|1182	1147|1148	1145|1146	1166|1167|1168	962|963|964	1053|1054	1262|1263|1264
1183|1184	1149|1150	1147|1148	1169	965|966	1055|1056	1265|1266
1185|1186|1187	1151|1152|1153	1149|1150|1151	1170|1171|1172	967|968|969	1057|1058	1267|1268
1188|1189	1154|1155	1152|1153	1173|1174	970|971	1059	1269|1270
1190	1156	1154	1175	972	1060	1271
1191|1192|1193|1194|1195|1196	1157|1158|1159|1160	1155|1156|1157|1158|1159|1160	1176|1177|1178|1179|1180	973|974|975|976	1061|1062|1063|1064|1065|1066	1272|1273|1274|1275|1276
1197	1161	1161	1181		1067	1277
1198	1162	1162	1182	977	1068	1278
1199|1200	1163|1164	1163|1164	1183|1184	978	1069	1279|1280
1201	1165	1165	1185	979	1070|1071	1281|1282
1202	1166	1166	1186	980	1072	1283
1203	1167	1167	1187	981	1073	1284
1204	1168	1168	1188	982	1074	1285
1205|1206|1207|1208|1209	1169|1170|1171|1172	1169|1170|1171|1172	1189|1190|1191|1192	983|984|985|986	1075|1076|1077|1078|1079|1080	1286|1287|1288|1289|1290|1291
1210	1173	1173	1193	987	1081	1292
1211|1212	1174|1175	1174|1175	1194|1195	988	1082|1083|1084	1293|1294
1213|1214	1176|1177	1176|1177	1196|1197	989	1085	1295|1296
1215	1178	1178	1198	990	1086|1087	1297
1216|1217	1179|1180|1181	1179	1199|1200|1201	991|992|993	1088|1089	1298|1299
1218	1182	1180	1202	994	1090	1300
1219|1220	1183|1184	1181|1182	1203	995|996|997	1091|1092	1301|1302|1303|1304
1221	1185	1183	1204	998	1093	1305
1222|1223	1186	1184|1185	1205|1206	999|1000	1094|1095|1096	1306|1307
1224|1225|1226|1227|1228	1187|1188	1186|1187|1188	1207|1208|1209|1210	1001|1002|1003|1004|1005	1097|1098|1099	1308|1309|1310|1311|1312|1313
1229|1230	1189|1190		1211|1212	1006|1007	1100	1314|1315
1231|1232	1191|1192|1193	1189	1213|1214|1215	1008|1009	1101	1316|1317
1233|1234	1194	1190	1216	1010	1102	1318
1235|1236|1237	1195|1196	1191|1192|1193|1194	1217|1218|1219	1011|1012|1013	1103|1104	1319|1320|1321|1322
1238|1239	1197|1198|1199	1195|1196	1220|1221|1222	1014	1105	1323|1324
1240|1241	1200|1201	1197	1223|1224|1225	1015	1106|1107|1108	1325|1326|1327
						1328
1242|1243	1202|1203	1198	1226|1227	1016|1017	1109|1110	1329|1330
1244	1204	1199	1228	1018	1111	1331
1245	1205	1200	1229	1019	1112	1332|1333
						1334
						1335
1246|1247	1206|1207	1201|1202|1203	1230|1231|1232	1020	1113|1114|1115	1336|1337|1338
1248	1208	1204	1233		1116	1339
1249|1250|1251	1209|1210|1211|1212	1205|1206	1234|1235|1236|1237	1021	1117|1118	1340|1341|1342|1343|1344
1252|1253|1254|1255|1256	1213|1214|1215|1216|1217|1218	1207|1208|1209|1210	1238|1239|1240|1241|1242|1243	1022|1023	1119|1120|1121|1122	1345|1346|1347|1348|1349|1350
1257|1258	1219	1211|1212	1244|1245|1246		1123|1124|1125	1351|1352
					1126	
1259|1260|1261	1220|1221|1222	1213|1214|1215|1216|1217	1247|1248|1249|1250	1024	1127|1128|1129	1353|1354|1355
1262|1263|1264	1223|1224	1218|1219	1251|1252	1025|1026	1130|1131	1356|1357
1265|1266|1267|1268	1225|1226|1227|1228	1220|1221	1253|1254|1255|1256|1257|1258	1027|1028|1029|1030	1132|1133|1134	1358|1359|1360|1361|1362
1269|1270|1271|1272	1229|1230|1231|1232	1222|1223|1224|1225	1259|1260|1261	1031|1032	1135|1136	1363|1364|1365|1366
1273|1274	1233|1234	1226|1227	1262	1033	1137	1367|1368
1275|1276	1235|1236	1228|1229	1263|1264	1034|1035	1138	1369|1370
1277|1278	1237|1238	1230|1231	1265|1266	1036|1037	1139|1140|1141	1371
1279|1280|1281	1239|1240	1232|1233|1234|1235|1236	1267|1268|1269|1270	1038|1039	1142|1143|1144|1145|1146	1372|1373|1374
1282|1283|1284	1241	1237|1238|1239|1240	1271|1272|1273	1040|1041	1147|1148|1149|1150|1151	1375|1376|1377|1378
1285|1286|1287|1288	1242|1243|1244	1241|1242|1243	1274|1275|1276	1042|1043	1152|1153|1154|1155	1379|1380|1381|1382
1289	1245	1244	1277	1044	1156	1383
1290	1246	1245	1278	1045	1157|1158	1384
1291|1292	1247|1248	1246|1247	1279|1280	1046	1159|1160|1161|1162	1385|1386
1293|1294	1249|1250|1251	1248|1249|1250|1251	1281|1282	1047|1048	1163	1387|1388|1389
1295|1296|1297|1298	1252|1253|1254|1255	1252|1253|1254|1255	1283|1284|1285|1286|1287	1049|1050	1164|1165|1166|1167	1390|1391|1392|1393|1394
1299|1300|1301	1256|1257|1258	1256|1257	1288|1289|1290|1291	1051|1052	1168|1169	1395|1396
1302|1303	1259|1260	1258|1259	1292|1293	1053|1054	1170	1397|1398
1304	1261	1260	1294	1055	1171	1399
1305|1306	1262|1263	1261|1262	1295|1296	1056|1057	1172	1400|1401
1307	1264	1263	1297	1058	1173	1402
1308	1265	1264	1298	1059	1174	1403
1309	1266	1265	1299	1060	1175	1404
1310|1311|1312	1267|1268|1269	1266|1267	1300|1301|1302	1061|1062	1176|1177	1405|1406|1407
1313|1314	1270|1271|1272	1268|1269	1303	1063	1178|1179|1180|1181	1408
1315|1316	1273|1274	1270|1271	1304|1305	1064	1182	
1317	1275	1272	1306	1065	1183	
1318	1276	1273	1307	1066	1184|1185	
1319|1320|1321|1322	1277|1278|1279	1274|1275|1276|1277|1278	1308|1309|1310|1311	1067|1068	1186|1187|1188	
1323|1324	1280|1281	1279|1280	1312	1069	1189	
1325|1326	1282|1283	1281|1282|1283	1313|1314|1315	1070	1190|1191|1192	
1327	1284	1284	1316	1071	1193	
1328|1329	1285|1286	1285	1317|1318	1072	1194|1195	
1330	1287	1286	1319	1073	1196	
1331|1332	1288|1289	1287|1288	1320|1321	1074|1075	1197	
1333|1334	1290|1291|1292	1289	1322|1323	1076|1077	1198|1199	
1335|1336	1293|1294	1290|1291	1324|1325	1078|1079	1200	1409
1337|1338	1295	1292|1293	1326|1327	1080	1201|1202	
1339|1340|1341|1342	1296|1297|1298	1294|1295|1296	1328|1329|1330	1081|1082	1203|1204	1410
1343|1344	1299|1300	1297|1298	1331|1332	1083|1084	1205|1206	1411
1345|1346	1301|1302	1299|1300	1333|1334	1085	1207	
1347|1348|1349|1350	1303|1304|1305	1301|1302|1303|1304	1335|1336|1337|1338	1086|1087	1208|1209|1210	1412
1351	1306	1305	1339	1088	1211	
1352|1353	1307	1306|1307	1340|1341	1089	1212	
1354|1355|1356	1308|1309|1310	1308|1309|1310	1342|1343	1090|1091|1092	1213|1214	1413
1357|1358|1359|1360|1361|1362|1363|1364|1365	1311|1312|1313|1314|1315|1316|1317|1318	1311|1312|1313|1314|1315|1316|1317|1318	1344|1345|1346|1347|1348|1349|1350|1351|1352	1093|1094|1095|1096|1097|1098	1215|1216|1217|1218|1219|1220	1414|1415|1416
1366|1367|1368	1319|1320|1321|1322	1319|1320	1353|1354|1355	1099|1100	1221|1222	1417
1369|1370	1323|1324	1321|1322	1356	1101	1223	
1371|1372	1325|1326	1323|1324	1357	1102|1103	1224|1225|1226	
1373	1327	1325	1358|1359	1104	1227	
1374|1375|1376|1377	1328|1329|1330|1331	1326|1327	1360|1361|1362|1363	1105|1106|1107	1228|1229	
1378|1379|1380|1381|1382|1383|1384	1332|1333|1334|1335|1336|1337|1338|1339	1328|1329|1330|1331|1332	1364|1365|1366|1367	1108|1109|1110	1230|1231|1232|1233|1234	1418|1419
1385|1386|1387|1388|1389|1390	1340|1341|1342|1343|1344|1345|1346	1333|1334|1335|1336|1337|1338	1368|1369|1370|1371|1372|1373|1374	1111|1112	1235|1236|1237	1420|1421|1422|1423|1424|1425|1426
1391|1392	1347	1339|1340	1375|1376|1377	1113	1238	1427|1428
1393|1394	1348|1349	1341|1342	1378|1379|1380	1114	1239	1429|1430
1395|1396|1397	1350|1351|1352|1353	1343|1344|1345|1346	1381|1382|1383|1384	1115|1116	1240|1241	1431|1432|1433|1434
1398	1354	1347	1385	1117	1242	1435
1399	1355	1348	1386	1118	1243|1244	1436
1400|1401	1356|1357|1358	1349|1350	1387|1388	1119|1120	1245	1437|1438
1402	1359	1351	1389	1121	1246	1439
1403	1360	1352	1390	1122	1247	1440
1404|1405	1361|1362	1353|1354	1391|1392	1123	1248|1249	1441|1442
					1250	
1406|1407	1363|1364|1365	1355|1356	1393|1394	1124	1251|1252	1443|1444
1408	1366	1357	1395	1125	1253	1445|1446
1409	1367	1358	1396	1126	1254	1447
1410	1368	1359	1397	1127	1255	1448
		1360				
1411	1369	1361	1398	1128	1256	1449
1412|1413	1370|1371	1362|1363|1364	1399	1129	1257	1450|1451|1452
1414	1372	1365	1400	1130	1258	1453
1415	1373	1366	1401	1131	1259	1454
1416	1374|1375	1367|1368	1402	1132|1133	1260|1261	1455
1417	1376	1369	1403	1134	1262	1456
1418	1377|1378	1370	1404	1135	1263	1457|1458
1419|1420|1421|1422|1423|1424	1379|1380|1381|1382|1383|1384	1371|1372|1373	1405|1406|1407|1408|1409|1410	1136|1137|1138|1139|1140	1264|1265|1266|1267|1268|1269|1270|1271	1459|1460|1461|1462|1463|1464
1425	1385|1386		1411|1412	1141	1272	1465
1426|1427	1387|1388		1413|1414|1415	1142	1273|1274	1466|1467|1468
1428|1429	1389|1390|1391	1374	1416|1417	1143|1144	1275|1276	1469|1470
1430	1392	1375	1418	1145	1277	1471
1431	1393	1376	1419	1146	1278	1472|1473
1432	1394	1377	1420	1147	1279	1474
1433	1395|1396	1378|1379	1421	1148|1149	1280|1281	1475|1476
1434	1397	1380	1422	1150	1282	1477
1435	1398	1381	1423	1151	1283	1478
1436|1437|1438	1399|1400|1401	1382|1383	1424|1425|1426	1152|1153|1154	1284|1285	1479|1480|1481
	1402					
	1403					
1439	1404|1405	1384	1427|1428	1155	1286	1482
