	micha-iv-75-5	fr333-iv-75-5	fr111-iv-75-5	sommer-iv-75-5	inc-iv-75-5	fr751-iv-75-5	lanzarote-iv-75-5	lancellotto-iv-75-5
0|1|2	0|1|2|3	0|1	0|1|2|3	0|1|2	0|1|2	0|1	0|1|2
3|4|5|6|7	4|5|6|7|8	2|3|4	4|5	3|4|5|6|7	3|4|5	2|3|4	3|4|5
8|9|10|11	9|10|11	5|6|7|8	6|7|8|9	8|9|10|11	6|7	5|6	6|7|8|9
12|13|14|15	12|13|14|15	9|10|11|12	10|11|12	12|13|14|15	8|9|10	7|8	10|11|12|13
16	16	13	13	16	11		14
17|18	17|18	14|15	14|15	17	12		15
19|20	19|20	16|17	16|17	18|19	13|14	9	16|17
21|22	21	18	18	20|21	15	10	18|19
23|24	22|23|24	19|20|21	19|20	22|23	16|17	11	20
25|26	25|26	22|23	21|22	24|25	18|19	12	21|22
27	27	24	23	26	20	13	23
28|29	28|29|30|31	25|26	24|25|26	27|28	21|22	14	24|25|26
30|31|32	32|33|34|35	27|28|29	27|28|29|30	29|30	23|24|25	15|16	27|28|29|30|31
33|34|35	36|37|38	30|31|32	31|32	31|32|33|34	26	17|18|19|20	32|33|34
36	39	33		35		21	35
37	40	34	33	36	27	22	36
38|39	41|42	35|36	34|35	37|38	28	23|24	37|38
40|41|42|43|44	43|44|45	37|38|39|40	36|37|38|39	39|40|41|42	29|30|31	25|26|27	39|40|41|42|43
45|46|47|48|49	46|47|48|49|50	41|42|43|44|45	40|41|42|43|44	43|44|45	32|33|34|35	28|29|30	44|45|46|47|48
50|51	51|52	46|47	45	46|47	36|37	31	49
52|53|54|55|56|57|58|59|60|61	53|54|55|56|57|58|59|60	48|49|50|51|52|53|54|55	46|47|48|49|50|51|52|53|54	48|49|50|51|52|53|54|55|56|57	38|39|40|41|42|43|44	32|33|34|35|36|37|38	50|51|52|53|54|55|56|57|58
62|63	61|62|63	56|57	55|56	58|59	45	39	59|60
64|65	64|65	58|59	57|58	60|61	46|47	40	61|62
66|67|68|69	66|67|68|69	60|61|62	59|60|61|62	62|63|64|65|66	48|49|50	41|42	63|64|65
70|71	70	63|64|65|66	63|64|65	67|68|69|70	51|52|53	43	66|67|68
72|73	71|72	67|68	66|67	71|72	54	44	69|70
74|75	73|74	69|70	68|69	73|74	55	45|46	71
76|77|78|79|80|81|82|83	75|76|77|78|79|80|81	71|72|73|74|75|76|77|78	70|71|72|73|74	75|76|77|78|79|80	56|57|58|59|60|61	47|48|49|50	72|73|74|75|76
84	82	79	75	81	62	51|52	77
85|86|87|88|89	83|84|85|86|87	80|81|82|83	76|77|78|79|80|81	82|83|84|85	63	53|54|55|56	78|79|80|81|82
90|91	88|89	84|85	82|83	86	64	57	83|84
92	90	86	84	87	65	58	85
93|94	91|92	87	85	88|89	66	59	86|87
95|96	93|94	88|89	86|87	90|91	67	60	88|89
97|98	95|96	90|91	88|89|90	92|93	68|69	61	90|91|92
99	97	92|93	91	94	70	62|63	93
100	98	94	92	95	71	64	94|95
101|102|103	99|100	95|96|97	93|94|95	96|97|98	72|73	65	96|97|98
104|105|106|107|108|109|110|111|112|113|114|115	101|102|103|104|105|106|107|108|109|110|111|112|113	98|99|100|101|102|103|104|105|106|107	96|97|98|99|100|101|102|103|104|105|106	99|100|101|102|103|104|105|106|107|108	74|75|76|77	66|67|68|69|70|71|72	99|100|101|102|103|104|105|106|107|108
116	114	108	107|108	109	78	73	109
117|118|119|120|121|122	115|116|117|118|119|120|121	109|110|111|112|113	109|110|111|112|113	110|111|112|113	79|80|81|82	74|75|76	110|111|112|113
123|124|125	122|123|124	114|115	114|115|116	114|115|116	83|84|85	77|78	114|115|116
126|127|128	125|126|127	116|117|118	117|118|119|120	117|118|119|120	86|87|88	79|80	117|118
129|130	128|129	119	121|122	121|122	89|90	81	119|120
131|132	130	120|121	123|124|125|126	123|124	91|92	82	121
133|134|135|136|137|138|139|140|141|142|143	131|132|133|134|135|136	122|123|124|125|126|127	127|128|129|130|131|132|133|134	125|126|127|128|129|130|131|132|133	93|94|95|96|97|98|99|100|101	83|84|85|86|87|88	122|123|124|125|126|127|128|129|130
144	137	128	135|136	134	102	89	131
145|146	138|139|140	129|130	137|138	135|136	103|104|105	90	132|133
147|148|149|150|151	141|142|143|144	131|132|133|134	139|140|141|142	137|138|139|140|141	106|107|108	91|92|93	134|135|136|137|138
152|153	145|146	135|136	143|144	142|143	109	94	139|140
154|155|156|157	147|148|149	137|138|139	145|146|147|148	144|145|146|147|148	110|111	95|96	141|142|143|144
158	150	140|141	149|150	149	112	97	145
159|160	151|152	142|143	151|152	150|151	113|114|115	98	146|147|148
161|162	153|154	144|145	153|154	152|153	116|117	99	149|150
163|164|165	155|156|157	146|147|148	155|156|157	154|155	118|119|120	100|101	151|152
166|167|168|169|170|171|172|173	158|159|160|161|162|163|164	149|150|151|152|153|154|155|156|157	158|159|160|161|162|163	156|157|158|159|160|161|162	121|122|123|124	102|103|104|105|106|107|108|109	153|154|155|156|157|158|159
174|175|176|177	165|166|167	158|159|160	164|165|166	163|164|165	125|126|127	110|111|112|113|114|115	160|161|162|163
178|179	168|169	161|162|163	167|168|169	166|167|168	128|129|130	116	164|165
180|181	170|171	164|165	170|171	169|170	131|132	117	166|167
182|183	172|173	166|167	172|173	171|172	133|134	118	168|169
184	174	168	174	173	135	119	170
185|186	175|176|177	169	175|176	174|175|176	136|137	120	171
187|188	178|179	170|171	177|178	177|178	138|139	121	172|173
189|190	180|181	172|173	179|180	179|180	140	122	174|175
191|192|193|194|195	182|183|184|185|186|187	174|175|176|177|178|179	181|182|183|184|185	181|182|183|184|185	141|142|143	123|124|125|126	176|177|178|179|180
196	188|189	180	186|187	186	144	127	181
197|198	190	181|182|183	188|189	187	145	128	182|183|184
199		184	190	188	146	129	185
200|201	191|192	185|186	191|192|193|194	189|190	147	130|131|132	186|187|188
202	193	187	195|196	191		133	189
203|204	194|195	188|189	197|198	192|193	148	134	190|191
205|206|207|208|209	196|197	190|191|192	199|200|201	194|195|196|197	149|150|151	135|136|137|138	192|193|194
210|211|212|213	198|199|200|201	193|194|195	202|203|204|205|206	198|199|200	152|153	139|140|141|142	195|196|197
214	202	196	207	201	154	143	198
215|216	203|204	197|198	208|209	202|203	155|156	144|145	199
217|218	205|206	199|200	210|211|212	204	157|158	146	200|201
						147	
219|220	207|208	201|202	213|214	205|206	159|160	148	202|203
							204
221|222|223|224	209|210|211	203|204|205|206	215|216|217|218	207|208|209|210	161|162	149|150|151|152	205|206|207
225|226	212|213|214	207|208	219|220	211|212	163|164	153	208|209
227|228	215|216	209|210	221|222	213	165	154	210|211
229	217		223	214	166	155	212
230|231|232	218|219|220	211	224|225|226|227	215|216|217	167|168|169|170	156|157	213|214|215
233	221	212	228	218	171	158	216
234|235|236|237|238	222|223|224|225|226	213|214|215|216	229|230|231|232|233	219|220|221|222	172|173|174	159|160|161	217|218|219|220|221
239	227|228	217|218	234|235	223|224	175|176	162	222|223
		219					
240|241|242|243	229|230|231|232|233	220|221|222	236|237|238	225|226|227	177|178	163|164|165	224|225|226|227
244	234	223	239	228	179		228
245|246	235|236	224|225	240|241	229|230	180	166	229|230
247|248	237|238	226|227	242|243	231|232	181|182	167	231|232
249	239	228	244	233	183	168	233
250|251|252|253	240|241|242	229|230|231|232	245|246|247|248	234|235|236|237|238	184|185|186	169|170	234|235|236|237|238
254|255|256|257|258	243|244|245|246	233|234|235|236	249|250|251|252	239|240|241|242|243|244	187|188|189|190	171|172	239|240|241
259	247	237	253	245	191		242
260|261|262|263	248|249|250	238|239|240|241	254|255|256	246|247|248|249	192|193|194	173|174	243|244|245|246|247
				250			
264|265	251|252|253|254	242	257|258|259|260	251|252|253|254	195|196|197	175	248|249|250|251
266|267	255|256	243|244	261|262	255|256	198|199|200	176	252|253|254
268|269	257|258	245|246	263|264	257|258	201|202	177	255|256
270	259	247	265	259	203		257
271|272	260|261	248|249	266|267	260|261	204|205	178	258|259
273|274|275|276|277|278|279|280|281|282|283|284|285|286	262|263|264|265|266|267|268|269|270|271|272	250|251|252|253|254|255|256|257|258|259|260	268|269|270|271|272|273|274|275|276|277|278|279|280|281|282|283	262|263|264|265|266|267|268|269|270|271|272|273|274|275	206|207|208|209|210|211|212|213|214|215	179|180|181|182|183|184	260|261|262|263|264|265|266|267|268|269
287|288|289	273|274|275	261|262|263|264	284|285|286	276|277|278	216|217	185	270|271
290|291|292	276|277|278	265|266|267|268	287|288|289	279|280|281|282	218|219|220	186	272|273|274|275
293|294	279|280	269|270|271	290|291	283|284	221	187	276|277
295|296|297|298|299|300	281|282|283|284|285|286	272|273|274|275|276|277|278	292|293|294|295	285|286|287|288|289|290	222|223|224|225	188|189|190|191	278|279|280|281|282|283
301|302|303|304	287|288|289|290|291	279|280|281|282	296|297|298	291|292|293	226|227|228|229|230|231	192|193	284|285|286|287|288
					232		
305|306	292|293	283|284		294|295	233	194|195|196	289|290
307|308|309	294|295	285|286	299|300	296|297	234	197|198	291|292
310|311|312|313	296|297|298|299	287|288|289|290	301|302|303|304|305	298|299|300|301	235|236	199|200|201	293|294|295|296
314	300	291	306	302	237	202	297
315	301	292	307|308	303	238	203|204	298
316|317	302|303|304	293|294|295	309|310|311|312|313	304|305|306	239	205|206|207	299|300|301
		296					
318|319	305|306|307	297|298|299	314|315|316|317	307|308|309	240|241|242	208	302|303|304|305
320|321	308|309|310	300|301|302	318	310|311	243|244	209	306|307|308
322|323|324	311|312|313	303|304	319	312	245|246|247	210	309|310|311
325|326	314|315	305|306	320|321	313	248|249	211	312|313
327|328	316|317|318	307|308	322|323	314|315	250|251	212	314|315
329|330|331	319|320|321	309|310|311	324|325	316|317|318	252|253|254	213|214|215	316|317
332	322	312	326	319	255	216	318
333	323	313	327|328	320	256	217	319
334|335|336|337	324|325|326	314|315	329|330|331|332	321|322|323	257|258|259|260	218|219	320|321|322
338	327	316	333	324	261		323
339|340|341|342	328|329|330|331	317|318|319|320|321	334|335|336|337|338	325|326|327|328|329	262|263|264|265|266	220|221	324|325|326|327
							328
343|344	332|333	322|323	339|340	330|331|332|333	267	222|223	329|330
345|346|347|348|349|350|351	334|335|336|337|338|339|340|341	324|325|326|327|328|329|330	341|342|343	334|335|336|337|338	268|269|270	224|225|226	331|332|333|334|335|336
352|353|354	342|343|344	331|332|333	344	339|340|341	271|272	227	337|338|339
355|356|357|358|359|360	345|346|347|348|349|350	334|335|336	345|346	342|343|344|345|346|347	273|274|275|276|277|278|279|280	228|229|230	340|341|342|343|344|345|346
361|362|363|364|365	351|352|353|354|355|356|357	337|338|339|340|341|342|343	347|348|349	348|349|350|351|352|353	281|282|283|284	231|232	347|348|349|350|351|352|353
366|367	358|359	344|345	350	354|355	285|286		354
368|369|370|371	360|361|362|363	346|347|348|349	351|352|353|354	356|357|358|359	287|288	233|234	355|356|357
372|373	364	350|351	355	360	289	235	358
374	365	352	356|357	361|362	290|291		359
375	366	353	358	363	292		360
376|377|378|379|380|381|382	367|368|369|370|371|372|373	354|355|356|357	359|360|361|362|363|364|365|366	364|365|366|367|368|369|370|371	293|294|295|296|297|298|299	236|237|238	361|362|363|364|365|366|367|368
383	374|375	358|359	367|368	372|373	300|301		369
	376						
384|385|386	377|378|379|380	360|361|362	369|370	374|375	302|303|304	239	370|371|372
387|388|389|390|391	381|382	363|364|365|366|367	371|372|373	376|377|378|379|380	305|306|307	240|241|242	373|374
				381			
				382			
392|393|394|395	383|384|385	368|369	374|375|376|377|378	383|384|385|386	308|309|310	243|244	375|376
396|397|398|399	386|387	370|371	379|380	387|388|389	311|312	245	377|378|379
400|401	388|389	372	381|382	390|391		246	380|381
402|403|404|405|406	390|391|392|393	373|374|375|376|377	383|384|385|386|387	392|393|394|395|396	313|314	247	382|383|384|385|386
407|408	394|395	378|379	388|389	397|398	315		387|388
409|410|411	396|397|398|399	380|381	390|391|392|393	399|400|401	316|317|318	248	389|390
412|413	400|401	382|383	394|395	402|403	319	249	391|392|393
414|415	402|403	384|385	396|397	404|405	320|321	250	394|395
416|417|418|419|420	404|405|406|407|408	386|387|388|389|390	398|399|400	406|407|408|409|410	322|323|324|325	251|252|253	396|397|398|399
							400
421|422	409|410|411	391|392|393|394	401|402	411|412|413|414	326|327|328|329|330	254	401|402|403
423|424	412|413	395|396	403|404	415|416	331|332	255	404|405
425|426	414|415	397|398|399	405|406	417|418	333	256	406|407
427|428	416|417	400|401	407|408	419|420	334|335	257	408|409
		402					
429|430	418|419	403	409|410	421|422	336|337	258	410|411
431	420|421	404	411|412	423	338		412
432	422	405	413	424	339	259	413
433	423	406	414	425	340	260	414
434	424	407	415|416	426	341|342	261	415
435|436|437|438	425|426|427	408|409|410|411	417|418|419|420	427|428|429	343|344|345	262|263	416|417|418
439|440	428|429	412|413	421|422|423	430|431|432|433	346|347	264	419|420
441	430|431	414|415	424|425	434|435	348		421
442|443	432|433	416|417	426|427	436	349|350	265	422
444|445|446|447|448	434|435|436	418|419|420|421	428|429|430|431|432	437|438|439|440	351|352|353	266|267|268	423|424|425|426
449|450	437|438	422|423	433|434	441|442	354|355	269	427|428|429
451|452|453|454|455|456|457	439|440	424|425	435|436|437|438|439|440|441	443|444|445|446|447	356|357|358|359|360|361	270|271|272|273	430|431|432
458|459|460	441|442	426|427	442|443|444	448|449|450	362	274|275	433|434
461|462|463	443|444|445|446	428|429|430	445|446|447|448	451|452|453	363|364	276|277	435|436|437
464|465	447|448	431|432	449|450	454|455	365	278	438|439
466|467|468|469|470|471|472|473|474|475|476|477|478	449|450|451|452|453|454|455|456|457|458	433|434|435|436|437|438|439|440|441|442|443|444|445|446|447	451|452|453|454|455|456|457|458|459|460|461|462|463|464|465|466|467	456|457|458|459|460|461|462|463|464|465|466|467|468|469	366|367|368|369|370|371|372	279|280|281|282|283|284|285	440|441|442|443|444|445|446|447|448|449
479|480	459	448|449	468|469|470	470|471	373	286	450|451
481|482|483|484|485|486	460|461|462|463|464|465	450|451|452|453	471|472|473|474|475	472|473	374|375|376	287|288|289	452|453|454|455|456|457
487|488|489|490|491|492|493|494	466|467|468|469|470|471|472	454|455|456|457|458|459|460|461|462|463	476|477|478|479|480|481|482|483|484|485	474|475|476|477|478|479|480|481	377|378|379|380|381|382|383|384	290|291|292|293	458|459|460|461|462|463|464|465
495|496	473	464|465	486|487	482|483	385|386	294	466|467
497|498|499|500|501|502	474|475|476|477|478|479|480|481	466|467|468|469|470|471|472|473	488|489|490|491|492|493	484|485|486|487	387|388|389|390	295|296|297|298|299	468|469|470|471|472|473|474|475|476
503|504|505	482|483|484	474|475|476|477	494|495|496	488|489|490	391|392|393	300|301	477|478
506|507	485|486	478|479	497|498	491|492	394|395	302	479|480
508|509	487|488	480|481	499|500	493|494|495	396|397	303	481
510	489	482	501	496	398	304|305	482
511|512|513|514|515	490|491|492|493|494	483|484|485|486|487|488|489	502|503|504|505|506	497|498|499|500|501	399|400|401|402|403	306|307|308	483|484|485|486|487|488
516	495	490	507	502|503	404	309	489|490
517|518|519|520|521	496|497|498|499|500	491|492|493|494|495	508|509|510|511	504|505|506|507|508	405|406|407|408	310|311|312|313|314	491|492|493|494|495
522|523	501|502|503	496|497	512|513	509|510|511	409|410|411	315	496|497
				512			
524	504	498	514	513	412	316	498
							499
			515				
		499					
525	505	500|501	516|517	514|515	413	317	500|501
526|527	506|507	502|503|504	518|519	516|517	414|415	318	502|503
528|529	508|509	505|506	520|521	518|519	416|417	319	504|505
530	510	507	522	520	418		506
531|532|533|534|535	511|512|513|514|515	508|509|510|511	523|524|525|526	521|522|523|524	419|420|421	320|321|322|323	507|508|509|510|511
536|537|538|539|540|541|542	516|517|518|519|520|521	512|513|514|515|516	527|528|529|530|531	525|526|527|528|529|530	422|423|424|425|426	324|325|326|327	512|513|514|515|516|517
543|544	522|523	517|518	532|533	531|532	427|428	328	518|519|520
545|546|547|548	524|525|526	519|520|521	534|535|536	533|534|535|536	429|430	329|330|331|332	521|522|523
549|550	527|528	522|523	537|538	537|538	431	333	524|525
551|552	529|530|531	524|525|526	539|540	539|540|541	432|433|434	334	526|527|528
553	532	527|528	541|542	542|543	435	335	529
554	533|534	529|530	543|544	544|545	436	336	530|531
							532
555|556	535|536	531|532|533	545	546|547|548	437|438	337	533|534
557|558	537|538	534	546|547|548|549	549|550	439	338	535|536|537
559|560|561	539|540|541|542	535|536|537|538	550|551|552|553	551|552|553|554	440|441|442	339|340	538|539|540
562|563|564|565	543|544|545|546|547	539|540|541|542|543	554|555|556|557	555|556|557	443|444|445	341|342	541|542|543|544
				558			
566|567	548|549	544|545|546	558|559|560|561	559	446|447	343|344|345|346	545|546
568|569|570	550|551|552	547|548|549	562|563	560|561|562	448|449|450	347|348	547|548|549
571|572	553|554	550|551|552	564|565	563|564	451|452	349	550|551
573|574|575	555|556	553|554|555	566|567|568	565|566|567|568	453|454	350|351|352	552|553
576|577|578	557|558|559	556|557	569|570|571|572|573	569|570|571	455|456	353|354	554|555
			574				
		558					
579	560|561	559|560	575|576	572|573	457|458	355|356	
580|581|582|583|584|585|586	562|563|564|565|566|567	561|562|563|564|565|566	577|578|579|580|581|582|583	574|575|576|577|578	459|460|461|462|463|464|465	357|358|359|360	556|557
587|588|589|590|591|592|593|594|595|596|597	568|569|570|571|572|573|574	567|568|569|570|571|572	584|585|586|587|588|589|590|591|592|593	579|580|581|582|583|584|585|586	466|467|468|469|470|471|472|473	361|362|363|364|365	
598|599	575|576	573|574	594|595	587	474	366	
600|601|602|603|604|605|606|607|608|609|610|611	577|578|579|580|581|582|583|584|585|586|587	575|576|577|578|579|580|581|582|583|584	596|597|598|599|600|601|602|603|604|605	588|589|590|591|592|593|594|595|596|597|598	475|476|477|478|479|480|481|482|483|484	367|368|369|370|371|372	
612|613|614|615|616|617|618	588|589|590|591|592|593	585|586|587|588|589|590	606|607|608|609|610|611	599|600|601|602|603	485|486|487|488|489	373|374|375	
619|620|621|622	594|595|596|597	591|592|593	612|613|614	604|605|606|607	490|491	376|377	
623|624|625	598|599|600|601	594|595|596	615|616|617|618	608|609|610|611	492|493	378|379	
626|627|628|629|630|631|632|633|634|635|636|637|638	602|603|604|605|606|607|608|609|610|611|612|613	597|598|599|600|601|602|603|604|605|606|607|608	619|620|621|622|623|624|625|626|627|628|629|630|631	612|613|614|615|616|617|618|619	494|495|496|497|498|499|500|501	380|381|382|383|384|385	558|559
639|640|641|642|643|644	614|615|616|617|618	609|610|611|612|613|614|615	632|633|634|635|636|637|638	620|621|622|623	502|503|504	386|387	560
645|646	619|620	616|617	639|640	624|625	505	388	
647|648|649|650	621|622|623	618|619|620	641|642	626|627|628	506|507|508	389|390	
651|652|653|654|655|656	624|625|626|627	621|622|623|624	643|644|645	629|630|631	509|510|511|512	391|392|393	
657|658|659|660|661|662	628|629|630|631|632	625|626|627|628|629	646|647|648	632	513|514|515|516|517|518	394|395|396	
663|664|665|666	633|634|635	630|631|632	649|650	633|634|635	519|520|521	397|398	
667|668	636|637	633|634	651|652	636|637	522	399	
669|670	638|639|640|641	635|636	653	638|639	523	400	
671|672	642|643|644	637|638|639	654	640	524	401	
673|674	645|646	640	655|656	641|642	525|526	402	
675	647	641	657	643	527	403	
676|677|678	648|649|650|651	642|643|644	658|659|660	644|645|646|647	528|529	404|405	
679|680|681|682	652|653|654|655|656|657	645|646|647|648|649|650	661|662|663|664|665	648|649|650	530|531|532|533|534|535|536	406|407	561
683	658	651	666		537	408	
684|685|686|687|688|689|690|691|692|693|694|695|696|697	659|660|661|662|663|664|665|666|667|668|669|670|671	652|653|654|655|656|657|658|659|660|661|662|663|664|665	667|668|669|670|671|672|673|674|675|676|677	651|652|653|654|655|656|657|658|659|660|661|662|663	538|539|540|541|542|543|544|545|546|547|548	409|410|411|412|413|414|415	
698	672|673	666|667	678|679	664|665	549	416	
699	674	668	680	666	550	417	
700|701	675|676	669	681|682	667|668	551	418	
702|703|704|705|706|707	677|678|679|680|681|682	670|671|672|673|674	683|684|685|686|687|688|689	669|670|671|672	552|553|554|555	419|420|421	562
708|709|710	683|684|685	675|676|677		673|674|675	556|557	422|423	
711|712	686|687	678|679	690	676|677	558	424	
713	688	680		678	559		
714|715|716|717|718|719|720|721|722|723|724|725|726|727	689|690|691|692|693|694|695|696|697|698|699|700|701	681|682|683|684|685|686|687|688|689|690|691|692|693|694|695	691|692|693|694|695|696|697|698|699|700|701|702	679|680|681|682|683|684|685|686|687|688|689|690	560|561|562|563|564|565|566|567|568	425|426|427|428|429|430|431	
728	702	696	703	691	569	432	
729|730|731|732	703|704|705|706	697|698|699	704|705|706|707	692|693|694|695|696|697	570|571|572|573	433|434	563
733|734	707|708	700|701	708|709	698|699	574	435|436	
735|736	709|710	702|703	710	700|701	575	437	
737	711	704		702	576	438	
738|739	712|713	705|706|707	711|712|713	703|704|705	577|578	439	
740|741	714|715	708|709	714|715	706|707	579|580	440	
742	716	710	716	708	581	441	
743|744|745	717|718|719	711|712	717|718|719	709|710|711|712	582	442	
746|747	720|721|722	713|714|715	720|721|722	713|714	583	443	
748|749|750|751	723|724|725|726|727	716|717|718	723|724|725|726|727	715|716|717|718	584|585|586|587	444	
752|753|754|755	728|729|730|731|732	719|720|721|722|723	728|729|730|731|732	719|720|721|722	588|589	445	
756|757	733|734	724|725	733|734	723|724	590	446	
758|759	735|736	726|727	735	725|726	591	447	
760	737	728	736	727	592		
761|762|763|764|765|766|767|768	738|739|740|741|742|743|744|745|746	729|730|731|732|733|734|735	737|738|739|740|741|742|743|744	728|729|730|731|732|733	593|594|595|596|597|598	448|449|450	
769|770	747|748	736|737	745|746	734|735	599|600	451	
771	749	738	747	736	601		
772|773|774|775|776	750|751|752|753	739|740|741|742	748|749|750|751	737|738|739|740|741	602|603|604	452	
777|778	754|755	743|744|745	752|753|754	742|743|744	605		
779	756	746	755	745			
780|781	757	747	756	746|747|748	606	453	
782|783	758|759|760|761	748|749|750|751	757|758|759|760|761	749|750	607		
784|785|786|787|788	762|763|764|765|766	752|753|754|755|756|757	762|763|764|765|766|767	751|752|753	608|609|610	454|455	
789	767	758	768	754	611		
790	768	759	769	755	612		
791|792	769|770	760|761	770|771|772	756|757	613		
793	771	762	773	758			
794|795	772|773	763|764	774|775|776	759|760	614	456	
796	774	765	777	761	615		
797|798	775|776|777	766|767|768	778|779|780	762|763|764	616|617	457	
799|800	778|779	769|770	781	765|766	618|619|620		
801	780	771	782	767	621		
802|803|804	781|782|783	772|773|774	783|784	768|769|770	622|623|624	458	
805	784	775	785	771	625		
806|807|808|809	785|786|787	776|777|778|779	786|787|788|789	772|773|774	626|627|628	459	
810|811	788|789|790	780|781	790|791	775|776|777	629|630	460	
812	791	782	792	778	631		
813	792	783	793	779	632		
814|815	793	784|785	794|795	780	633	461	
816|817	794|795	786	796	781	634	462	
818	796	787	797	782	635		
819	797	788	798	783|784	636		
820|821|822	798|799|800	789|790	799	785|786	637|638		
823|824	801|802|803	791|792	800|801|802	787|788|789	639|640	463	
				790			
825|826|827	804|805	793|794|795	803|804|805	791|792	641|642	464	
828|829|830|831	806|807|808	796|797|798	806|807|808|809	793|794|795	643|644|645	465|466	
832|833	809	799	810|811	796|797|798	646|647	467	
834|835|836	810|811|812|813|814|815	800|801	812|813	799|800|801|802|803	648|649|650|651|652	468	
837|838	816|817|818|819	802|803|804	814|815	804|805|806	653|654|655	469	
839|840|841|842|843|844	820|821|822|823|824|825|826|827	805|806|807|808|809	816|817|818|819|820	807|808|809|810|811	656|657|658|659|660	470|471|472	
845|846|847	828|829|830	810|811|812	821|822	812|813|814|815	661|662	473	
848|849|850|851|852|853|854|855	831|832|833|834|835|836|837|838	813|814|815|816|817|818|819|820|821|822	823|824|825|826	816|817|818|819|820|821|822	663|664|665|666	474|475|476	
856|857	839|840	823|824	827|828	823|824	667|668	477	
858|859	841|842	825|826	829	825|826	669	478	
860|861	843|844	827		827|828	670	479	
862|863	845|846	828		829|830	671	480	
864|865	847|848	829	830	831|832	672	481	
866|867	849|850	830|831	831|832	833|834|835	673|674	482	
868|869	851|852	832|833	833	836|837	675|676	483	
870|871|872|873|874	853|854|855|856|857|858	834|835|836|837|838	834|835|836	838|839|840|841	677|678|679|680|681|682	484|485	
875|876|877|878	859|860	839|840|841	837|838	842|843|844	683|684|685	486|487	
879	861	842		845	686	488	
880|881|882	862|863|864	843|844|845|846	839|840|841	846|847	687|688	489	
883	865	847	842	848	689		
884	866	848	843	849	690		
885	867	849|850	844	850|851	691|692		
886	868	851	845	852	693|694		
