	micha-ii-48	fr751-ii-48	fr111-ii-48	inc-ii-48	sommer--ii-48	lanzarote-ii-48	lancellotto-ii-48
0	0	0	0	0	0	0
1	1	1	1	1	1	1
2	2	2|3		2	2|3	2
3|4|5	3|4|5	4|5	2|3|4	3	4|5	3|4|5
						6
6	6|7	6|7	5|6	4|5	6|7	7|8
7|8|9|10|11|12|13|14|15	8|9|10|11|12	8|9|10|11|12	7|8|9|10|11|12	6|7|8|9|10	8|9|10|11|12	9|10|11|12|13|14
16	13	13|14	13|14	11|12	13	15
17	14|15	15|16	15	13	14|15	16|17
						18
18|19	16|17	17|18	16	14|15	16|17|18|19	19|20
20	18	19	17	16	20	21
21	19	20	18|19	17|18	21|22	22
22|23	20	21	20|21|22|23	19	23|24	23
24	21	22	24	20	25	24
25|26	22|23	23|24	25	21|22	26|27	25|26
27	24	25	26	23	28	27
28	25	26	27	24	29	28
29	26	27	28	25	30	29
30|31	27|28	28	29|30	26|27	31	30
32|33|34|35|36	29|30|31	29|30|31|32	31|32|33|34	28|29|30|31|32	32|33|34|35|36	31|32|33|34
37|38	32|33	33|34	35|36	33	37	35|36
39	34	35	37	34	38	37
40	35	36	38	35	39	38
41|42|43|44	36|37|38|39	37|38|39	39|40|41	36|37|38	40|41|42	39|40|41
45	40	40	42	39	43|44	42|43
46|47	41	41	43	40	45	44|45
48|49|50|51	42|43	42|43	44|45|46	41|42|43	46|47	46|47|48
52|53|54|55	44|45	44|45	47|48|49	44|45	48|49	49|50|51
56	46	46	50	46	50	52
57	47	47	51	47	51	53
58|59|60	48|49|50	48|49|50	52|53	48|49	52|53	54|55|56
61|62	51|52	51	54|55	50	54|55	57
63	53	52	56	51	56	58
64|65	54|55	53	57|58	52|53	57|58	59|60
66	56	54	59	54	59	61
67	57	55	60	55	60	62
68	58	56	61	56	61	63
69	59	57	62	57	62	64
70|71|72	60|61|62	58|59	63|64	58|59|60	63|64|65	65|66|67
73|74|75	63|64	60|61|62	65|66	61|62	66|67|68	68|69|70
76|77	65|66	63|64	67|68|69	63|64	69	71|72
78		65	70|71	65	70	73
79|80		66|67	72|73	66	71|72	74|75
81		68	74	67	73	76
82		69	75	68	74	77
83|84|85|86|87|88	67|68|69	70|71|72|73|74|75	76|77|78|79	69|70|71|72|73|74	75|76|77|78	78|79|80|81|82
89|90|91|92	70|71|72|73	76|77	80|81|82	75|76|77|78	79|80|81	83|84|85
93	74	78	83	79	82	86
94|95|96|97|98|99	75|76	79|80|81	84|85|86|87	80|81|82|83	83|84|85	87|88|89|90
100|101|102	77|78|79	82|83	88|89	84|85|86	86|87|88	91|92|93
103|104|105|106	80|81	84|85	90	87|88|89	89|90|91	94|95|96|97
107|108|109|110	82|83	86	91	90|91	92|93	98|99|100
111|112|113	84	87	92	92	94	101|102
114|115	85	88	93	93	95	103|104
116|117|118|119	86	89|90	94|95	94	96|97|98	105|106|107|108
120	87|88	91|92	96	95	99|100	109|110
121	89	93	97	96|97	101	111
122|123|124|125|126	90|91|92	94|95|96|97|98|99	98|99	98|99|100	102|103|104	112|113|114|115
127|128|129|130	93|94	100|101|102|103|104|105|106|107	100	101|102|103|104	105|106|107|108	116|117|118|119
						120
		108				
131|132	95|96	109|110|111|112|113	101	105	109	121|122|123|124
						125
133|134	97|98	114|115	102	106	110	126|127|128|129|130|131|132|133|134|135
135	99	116	103	107	111	136
136	100	117	104	108	112	137|138
137|138|139|140|141|142|143	101|102|103|104|105|106	118|119|120|121|122|123	105|106|107	109|110|111|112|113|114	113|114|115|116|117	139|140|141|142|143
144	107	124	108	115	118	144
145	108	125	109	116	119	145
146	109	126	110	117	120	146
147|148	110	127	111	118	121	147
149|150	111	128|129|130	112|113|114	119	122|123|124	148|149
151	112	131	115	120	125	150
152|153|154|155|156|157|158	113|114|115	132|133|134	116|117	121|122|123|124	126|127|128|129|130	151|152|153|154|155|156
159	116|117	135	118	125	131	157|158
160|161|162	118|119|120|121	136|137	119|120|121	126|127|128	132|133	159|160|161
163|164|165	122|123	138|139|140	122|123	129|130|131	134|135	162|163|164
	124					
166	125	141	124	132	136	165
167|168|169	126|127|128	142|143|144	125|126	133|134|135|136	137|138	166|167
170	129	145	127	137	139	168
171	130	146	128	138	140	169
172|173|174|175	131|132|133	147|148|149	129|130	139|140	141|142|143|144	170|171|172|173
176	134	150	131	141	145	174
177|178	135	151|152	132|133	142|143	146	175
179|180|181|182	136|137	153|154|155	134|135	144|145|146	147|148	176|177|178
183|184|185	138|139|140	156|157	136|137|138	147|148|149	149	179|180|181|182
186	141	158|159	139	150	150|151	183|184
	142					
187	143	160	140	151	152	185
188|189	144	161|162	141	152	153	186|187
190	145	163	142	153|154	154	188
191|192|193|194	146|147	164|165|166	143|144|145	155|156	155|156|157|158	189|190|191
195	148	167	146	157	159|160	192
196	149	168	147	158	161	193
197|198|199	150|151|152|153|154	169|170	148|149|150	159|160|161	162|163	194|195|196|197|198
200|201|202|203	155|156|157	171|172|173	151|152	162|163	164|165|166	199|200|201|202
204	158	174	153	164	167	203
	159					
205|206	160|161	175|176|177	154|155|156	165|166|167	168|169	204
207	162|163	178	157|158	168|169	170|171	205|206
208|209	164|165|166|167	179|180	159|160|161	170|171|172	172	207|208|209
210	168|169	181	162	173	173	210
211	170	182	163	174	174	211
212	171|172	183	164	175	175	212|213
213	173	184	165	176	176	214
214|215|216	174|175|176|177	185|186	166	177|178|179	177|178|179|180	215|216
	178					
217	179|180	187	167|168	180|181	181|182	217|218
218	181	188	169	182	183|184	219|220
219	182	189	170	183	185	221|222
220	183	190	171	184	186	223
221|222|223	184|185|186	191|192|193	172|173	185|186	187|188|189	224|225
224|225	187	194	174	187	190	226|227
		195				
226	188	196|197	175	188	191	228|229
227|228	189|190	198	176|177	189|190	192	230|231
229	191	199	178	191	193	232
230	192	200	179	192	194	233
231|232|233|234	193|194|195|196	201|202|203	180|181|182|183	193|194|195	195|196|197|198	234|235
235	197	204	184	196	199	236
236	198	205	185	197	200	237
237|238|239|240|241|242|243	199|200|201|202|203	206|207|208|209|210|211	186|187|188|189|190	198|199|200|201|202|203	201|202|203|204	238|239|240|241
244|245|246|247|248|249|250|251|252|253	204|205|206|207|208|209|210|211|212|213	212|213|214|215|216|217|218|219|220	191|192|193	204|205|206|207|208|209	205|206|207|208|209|210|211	242|243|244|245|246|247|248|249
254|255|256	214|215|216	221|222|223	194	210|211	212|213	250|251|252
257|258	217	224|225	195|196	212|213	214	253|254
259|260|261|262|263|264|265|266|267|268|269|270|271|272|273|274|275|276|277	218|219|220|221|222|223|224|225|226|227	226|227|228|229|230|231|232|233|234|235|236|237	197|198|199|200|201|202|203|204|205|206|207	214|215|216|217|218|219|220|221|222|223|224|225	215|216|217|218|219|220|221|222|223|224|225|226	255|256|257|258|259|260|261|262|263|264|265|266|267|268|269|270|271|272
278|279|280|281|282|283|284|285|286	228|229|230|231|232	238|239|240|241|242|243|244|245	208|209|210|211	226|227|228|229|230|231	227|228|229|230|231	273|274|275|276|277|278|279
287|288|289|290|291	233|234|235|236|237	246|247|248|249	212|213|214	232|233|234|235|236|237|238	232|233|234|235	280|281|282|283|284|285
		250				
292|293	238|239|240	251|252	215	239|240	236	286|287
294|295	241	253	216	241	237	288|289
296|297|298	242|243|244	254|255|256	217|218	242|243	238|239	290|291|292
299|300|301|302	245|246|247	257|258|259|260	219|220|221	244|245|246|247	240|241	293|294|295|296
303	248|249	261	222	248	242	297
304	250	262	223	249	243	298
305|306|307|308|309	251|252|253|254	263|264|265	224|225|226	250|251|252|253	244|245|246	299|300|301|302
310	255	266	227	254	247	303|304
311|312|313	256|257|258	267|268|269	228|229	255|256	248|249	305|306|307
314|315|316|317|318	259|260|261|262	270|271|272	230|231|232|233	257|258|259|260|261	250	308|309|310|311|312
319	263	273	234	262	251	313
320|321	264	274|275	235	263|264	252	314|315|316
322|323	265	276|277	236|237|238	265|266	253	317|318
324|325|326|327	266|267|268|269	278|279|280|281	239|240|241	267|268|269	254|255	319|320|321|322|323
328	270	282	242	270	256|257	324
329	271	283|284	243|244	271|272	258	325|326
330|331|332	272|273|274	285|286	245|246	273|274	259|260|261|262|263	327|328
333|334	275|276	287	247|248|249	275|276	264|265	329
335|336|337|338	277|278|279|280|281	288|289|290|291	250|251	277|278|279|280	266|267|268|269	330|331|332|333|334
339|340	282|283|284	292|293	252	281|282	270|271|272	335|336|337
						338
341|342|343	285|286|287|288	294|295|296|297|298	253|254|255|256|257	283|284|285|286	273|274	339|340|341
344|345|346|347|348|349	289|290|291	299|300|301|302	258|259|260|261	287|288|289	275|276|277|278|279	342|343|344|345|346
350	292	303	262	290	280|281	347
351|352	293|294	304|305	263|264	291|292	282	348|349
353|354	295	306	265|266	293	283|284	350
355|356	296	307	267	294	285	351
357|358|359|360	297|298	308|309	268|269	295|296|297	286|287|288	352|353
361	299	310	270	298	289	354
362|363|364|365	300|301|302	311|312|313	271|272|273|274	299|300|301|302	290|291|292	355|356|357
366|367|368	303|304	314|315	275|276	303|304	293|294	358|359
369|370|371	305|306|307|308	316|317	277|278	305|306|307	295|296|297	360|361|362|363
372|373	309|310	318	279	308|309	298|299	364|365
374|375	311	319|320	280	310	300	366|367
376|377|378|379	312|313|314|315|316	321|322|323	281|282|283|284|285	311|312|313	301|302	368|369|370|371|372
380|381|382|383|384|385	317|318|319|320	324|325|326|327	286|287|288|289|290	314|315|316|317	303|304|305	373|374|375|376|377|378
386|387	321|322	328	291|292|293	318|319	306	379|380
388|389|390|391|392|393|394|395|396|397|398|399|400	323|324|325|326|327	329|330|331|332	294|295|296|297|298	320|321|322|323|324|325	307|308|309|310|311|312|313	381|382|383|384|385|386|387|388
401|402|403|404|405|406|407	328|329|330|331	333|334|335|336|337|338	299|300|301|302	326|327|328|329|330|331|332|333	314|315|316|317	389|390|391|392|393|394
408|409	332	339	303	334	318	395
410	333	340	304|305	335	319	396
411|412	334|335|336	341|342	306|307	336|337	320	397
413	337	343	308		321|322	398
414	338	344	309	338	323	399
415	339	345	310	339	324|325	400
416	340	346	311	340	326|327	401
417	341	347	312	341	328|329	402
418	342	348	313	342	330	403
419|420|421	343|344	349|350	314|315	343|344|345	331|332	404|405|406
422|423|424|425|426|427|428|429|430|431	345|346|347|348	351|352|353|354|355|356	316|317|318|319|320	346|347|348|349|350|351	333|334|335|336|337|338|339|340	407|408|409|410|411|412
432|433|434|435|436|437	349|350|351|352	357|358|359|360|361	321|322|323|324|325	352|353|354|355	341|342|343|344	413|414|415|416|417
438|439|440|441	353|354|355	362|363|364	326|327	356|357|358	345|346|347	418|419|420|421
442	356	365	328	359	348	422|423
443	357	366	329	360	349	424
444|445|446|447	358|359|360|361	367|368|369	330|331|332	361|362|363	350|351	425|426|427
448	362	370	333	364	352	428
449|450|451|452|453	363|364|365	371|372|373	334|335	365|366|367	353|354|355	429|430|431|432
454|455	366	374|375	336	368|369	356|357	433|434
456	367|368	376|377	337|338	370|371	358	435|436
457	369	378	339	372	359	437
458	370	379	340	373	360	438
459	371	380	341	374	361	439
460|461	372	381	342	375	362|363	440
462	373	382	343	376	364	441
463	374	383	344	377	365	442
		384				
464		385|386	345|346	378	366	443
465|466|467|468	375|376	387|388|389	347|348|349|350	379|380|381	367|368|369	444|445|446
469|470|471|472|473|474|475|476|477	377|378|379|380|381|382|383|384	390|391|392|393|394|395|396	351|352|353|354|355	382|383|384|385|386|387|388|389	370|371|372|373|374|375	447|448|449|450|451|452|453|454
478	385	397		390	376|377	455|456
479|480|481|482|483|484|485|486|487|488|489|490|491|492|493|494|495|496	386|387|388|389|390|391|392|393|394|395|396	398|399|400|401|402|403|404|405|406|407	356|357|358|359|360|361|362	391|392|393|394|395|396|397|398|399|400	378|379|380|381|382|383|384|385|386|387|388|389|390|391|392|393	457|458|459|460|461|462|463|464|465|466|467|468|469|470|471
497|498|499|500|501|502|503|504|505	397|398|399|400|401	408|409|410|411|412	363|364|365	401|402|403|404|405	394|395|396|397|398|399|400	472|473|474|475|476
506|507|508|509|510	402|403|404|405	413|414|415	366|367	406|407|408	401|402|403	477|478|479|480|481
511|512	406	416	368	409	404	482
513|514|515|516|517|518|519|520	407|408|409|410	417|418|419|420|421|422|423|424|425	369|370|371|372|373|374|375	410|411|412|413|414|415|416|417|418	405|406|407|408|409	483|484|485|486|487|488|489|490
521|522	411	426	376	419|420	410|411|412	491|492
523	412	427	377	421	413	493|494
524|525	413|414	428|429	378	422|423	414|415	495
526|527	415	430|431	379	424|425	416|417	496
528|529	416|417	432	380	426	418|419	497|498
530|531|532	418|419|420	433|434|435	381|382	427|428|429	420|421	499|500
533	421	436	383	430	422	501
534	422	437	384	431	423	502
535	423	438	385	432	424	503
536	424	439	386	433	425	504|505
537|538|539|540	425|426|427	440|441|442|443	387|388|389|390	434|435|436	426|427|428|429	506|507|508
541	428	444	391	437	430|431	509
542	429	445	392	438	432	510
543|544	430|431	446|447	393|394	439|440	433|434	511
545|546	432|433	448|449	395|396	441|442	435	512|513
547|548	434|435|436	450|451|452	397	443|444|445	436	514|515|516
549|550|551|552|553	437|438|439	453|454|455|456	398|399|400	446|447|448	437|438|439	517|518|519|520|521|522|523
554|555|556|557|558|559|560|561|562|563|564	440|441|442|443|444|445	457|458|459|460|461	401|402|403|404|405	449|450|451|452|453|454|455	440|441|442|443|444	524|525|526|527|528|529|530
565|566|567|568|569		462	406|407	456	445|446	531|532|533|534
570|571|572|573|574|575	446|447|448	463|464	408|409	457|458	447|448|449	535|536|537|538|539|540
576|577|578|579|580|581|582|583|584|585|586|587|588|589	449|450|451|452|453|454	465|466|467|468|469|470|471|472|473	410|411|412|413|414|415|416|417|418	459|460|461|462|463|464|465	450|451|452|453|454|455|456|457|458	541|542|543|544|545|546|547|548|549|550|551
590|591|592	455|456|457	474|475	419|420|421	466|467|468	459|460	552|553|554
593	458	476	422	469	461	555
594|595|596	459|460	477|478|479	423|424|425	470|471	462|463	556|557|558
597	461	480	426	472	464	559
598	462	481	427	473	465|466	560
599|600	463|464	482|483	428|429	474|475	467	561
601	465	484	430	476	468	562
602	466	485	431	477	469	563
603|604|605|606|607|608	467|468|469|470|471	486|487|488|489|490	432|433|434|435	478|479|480|481|482|483	470|471|472|473|474	564|565|566|567
609|610	472|473	491|492	436|437	484|485	475|476	568
611	474	493	438	486|487	477	569
612|613|614|615	475|476|477	494|495|496	439|440|441	488|489|490	478|479	570|571|572
616	478	497	442	491|492	480	573
617	479|480	498	443	493|494	481|482	574|575
						576
						577
						578
				495		
618|619	481	499	444|445	496|497|498	483|484|485|486	579|580|581
620	482	500	446	499	487|488	582
621|622	483|484	501|502	447|448	500|501	489	583|584
623|624	485|486	503|504	449|450	502|503	490	585|586
625	487	505	451	504	491	587|588
626	488	506	452	505	492	589
627|628	489|490	507|508	453|454	506	493|494	590|591|592
629	491	509	455	507	495|496	593
				508		
630	492	510	456	509	497	594
631	493	511	457	510	498	595
632|633	494	512|513	458|459	511|512	499|500	596|597|598
634	495	514	460	513	501|502	599
635	496	515	461	514	503|504	600
636|637	497|498	516|517	462	515|516	505|506|507|508	601|602
638|639	499|500	518|519	463	517|518	509	603|604
640	501	520	464	519	510|511	605|606
641	502	521	465	520	512	607|608
642	503	522	466	521	513	609|610
643	504	523	467	522	514	611
						612
644|645|646|647|648	505|506|507	524|525|526	468|469|470|471	523|524|525	515|516|517|518	613|614|615|616
649	508	527	472	526	519	617
650	509|510	528|529	473|474	527|528	520	618|619
651	511	530	475	529	521	620
652	512	531	476	530	522	621
653|654	513|514	532|533	477|478	531|532	523	622|623
655|656	515	534	479	533	524	624|625
657|658	516|517	535	480		525	626
659|660|661	518|519	536|537	481	534	526|527	627|628|629
662|663|664	520|521	538|539|540	482|483	535|536|537	528|529|530	630|631|632|633
665|666	522|523	541|542	484|485	538|539	531	634|635|636
667|668	524|525	543	486	540	532	637
669	526	544	487	541	533	638
670	527	545		542	534	639
671|672	528|529	546|547	488	543|544	535|536	640|641
673	530	548	489	545	537	642|643
674	531	549	490	546	538	644|645
		550				
675|676|677	532|533	551|552	491|492	547|548	539|540	646|647|648
678|679	534	553	493	549	541	649
680|681|682|683|684	535|536	554|555|556	494|495	550|551|552	542|543|544	650|651|652|653
685|686|687|688|689|690|691|692|693|694	537|538|539|540|541	557|558|559|560	496|497|498|499|500	553|554|555|556|557|558|559	545|546|547|548|549|550	654|655|656|657|658|659|660|661
695|696	542|543	561|562	501|502	560|561|562	551	662|663
697|698	544|545	563|564	503|504	563|564	552	664|665|666
699|700	546|547	565|566	505	565	553	667|668|669
701	548	567	506	566	554	670
702|703	549|550	568|569	507|508	567|568	555	671|672
704	551	570	509	569	556|557	673
705	552	571	510	570|571	558	674
706	553	572	511	572	559	675
707	554	573	512	573	560	676
708|709|710|711|712	555|556|557	574|575|576	513|514|515	574|575|576	561|562|563|564	677|678|679|680
713|714	558|559	577|578	516	577|578	565|566	681|682
715|716|717|718|719	560|561|562|563|564	579|580|581	517|518|519	579|580|581|582|583	567|568|569|570	683|684|685|686
720|721|722|723|724|725|726	565|566|567|568	582|583|584|585	520|521|522|523	584|585|586	571|572|573|574	687|688|689|690
727|728|729|730|731|732	569|570|571|572|573	586|587|588|589|590	524	587|588|589|590	575|576|577|578|579|580|581	691|692|693|694|695
733	574	591		591	582	696
734|735	575|576	592|593	525|526	592	583	697
736	577	594	527	593	584	698|699
737	578	595	528	594	585	700
738|739|740	579|580|581	596|597|598	529|530|531	595|596|597	586|587	701|702|703|704
741|742	582|583	599	532|533	598	588|589	705|706
743|744	584	600|601	534|535	599|600	590	707|708
745	585	602	536	601	591	709
746|747	586|587	603|604	537|538	602	592	710|711
748	588	605	539	603	593	712
749	589	606	540	604	594	713
750|751	590|591	607|608	541	605|606	595|596|597	714|715
752|753|754	592	609	542	607	598|599	716|717
755|756|757	593	610	543	608	600|601	718|719
758|759|760|761	594|595	611	544	609|610	602|603	720|721
762|763|764|765|766|767|768|769	596|597|598|599|600|601	612|613|614|615|616	545|546|547|548	611|612|613|614|615|616	604|605|606|607|608|609	722|723|724|725|726
770|771	602|603	617|618	549|550	617|618	610	727|728
772|773|774|775|776	604|605|606	619|620|621	551|552|553	619|620|621	611|612|613	729|730|731|732
777	607	622	554	622	614|615	733
778|779	608	623|624	555|556	623|624	616	734|735
780|781|782|783|784|785|786|787|788|789|790|791|792|793|794|795	609|610|611|612|613|614|615|616|617|618	625|626|627|628|629|630|631|632|633|634	557|558|559|560|561|562|563	625|626|627|628|629|630|631|632|633|634	617|618|619|620|621|622|623|624|625|626|627	736|737|738|739|740|741|742|743|744|745
796|797|798|799|800|801|802|803|804|805|806|807|808	619|620|621|622|623|624|625|626|627	635|636|637|638|639|640|641|642	564|565|566|567|568|569|570|571|572	635|636|637|638|639|640|641	628|629|630|631|632|633|634|635	746|747|748|749|750|751|752|753|754|755
809	628|629	643|644	573	642	636	756|757
810	630|631	645	574|575	643|644	637|638	758|759
811|812	632|633	646	576|577	645	639	760|761|762
813	634	647	578	646	640	763
814|815	635|636	648|649	579	647	641	764
816|817	637|638	650|651	580|581	648|649	642|643	765
818	639	652	582	650	644	766
819|820|821|822|823|824	640|641	653|654|655|656	583|584|585	651|652|653|654	645|646|647|648	767|768|769
825|826	642|643	657|658	586	655|656	649|650	770|771
827	644	659	587	657	651	772|773
828|829|830|831|832|833|834	645|646|647|648|649|650|651	660|661|662|663|664|665	588|589|590|591|592	658|659|660|661|662|663|664	652|653|654|655|656|657	774|775|776|777|778|779
835	652	666	593	665	658	780
836|837	653|654	667	594	666|667	659	781
			595			
		668				
838|839|840|841|842|843|844|845|846|847|848	655|656|657|658|659|660|661	669|670|671|672|673|674|675	596|597|598|599|600|601	668|669|670|671|672|673|674|675|676	660|661|662|663|664|665	782|783|784|785|786|787|788
849	662	676	602	677	666	789
850	663|664	677	603	678	667	790
851|852|853|854|855|856	665|666|667|668|669|670	678|679|680|681|682|683	604|605|606	679|680|681|682|683|684	668|669|670|671|672	791|792|793|794|795
						796
		684				
857	671	685	607	685	673	797
858|859|860|861	672|673	686|687	608|609	686|687	674|675	798|799
862|863	674|675	688|689	610	688	676	800|801
864|865|866|867|868	676|677|678|679	690|691|692|693	611|612	689|690|691	677|678|679	802|803|804
869|870	680	694	613	692	680	805
871|872	681	695		693	681	806
873|874|875|876|877|878	682|683|684	696|697|698|699	614	694|695|696	682|683|684	807|808|809|810
879	685	700	615	697	685	811
880|881	686|687	701	616	698	686	812|813
882|883|884|885|886|887|888|889|890|891|892|893|894	688|689|690|691|692|693|694|695|696|697|698	702|703|704|705|706|707|708|709|710|711	617|618|619|620|621	699|700|701|702|703|704|705|706|707|708	687|688|689|690|691|692|693|694	814|815|816|817|818|819|820|821
895|896|897|898|899	699|700|701	712|713|714	622	709|710|711	695|696|697	822|823|824|825
900|901	702	715	623	712	698	826
902	703	716	624	713	699|700	827
903|904|905|906|907	704|705|706	717|718	625|626|627	714|715|716	701|702|703	828|829|830
908|909|910|911|912|913|914	707|708|709	719|720|721	628|629|630	717|718|719	704|705|706|707	831|832|833|834
915|916|917|918|919|920	710|711|712	722|723	631|632|633	720|721|722	708|709|710	835|836|837|838
921|922|923|924	713|714|715	724|725|726	634|635	723|724|725|726	711|712	839|840|841|842
925|926	716|717	727	636	727|728	713|714	843|844
927|928	718|719	728|729		729|730	715	845|846
929|930	720|721	730|731	637	731	716|717	847
931	722	732|733		732	718	848
932|933|934	723|724	734|735	638	733|734|735	719|720|721|722|723	849|850|851|852
935	725	736		736	724|725	853
936	726|727	737|738		737|738	726|727	854|855
937|938|939|940|941|942|943|944	728|729|730|731|732|733	739|740|741|742|743|744|745	639|640|641|642	739|740|741|742|743|744|745	728|729|730|731|732	856|857|858|859
945	734	746	643	746|747	733	860
946|947|948|949|950	735|736|737|738|739	747|748|749|750	644|645|646	748|749|750|751	734|735|736|737|738	861|862|863|864
951|952	740|741	751|752	647	752|753	739	865|866
953|954	742|743|744	753|754|755	648	754|755|756	740	867|868
955|956	745|746|747	756|757|758	649	757|758	741	869|870|871
						872
						873
		759				
		760				
	748					
	749					
957|958	750|751	761|762	650	759|760	742|743|744	874|875
959|960	752|753	763|764	651	761|762|763	745|746|747	876|877
961|962|963	754|755|756	765|766|767	652|653|654|655	764|765	748|749|750	878|879|880|881|882
964|965|966	757|758	768|769	656|657	766|767	751|752	883|884
967|968|969|970	759|760|761|762|763	770|771|772|773|774	658|659|660	768|769|770|771	753|754	885|886|887|888
971|972|973|974|975	764|765|766|767|768	775|776|777|778|779	661|662|663	772|773|774|775|776	755|756|757	889|890|891
976	769	780|781	664	777	758	892
977|978	770|771	782|783	665|666	778|779|780	759	893|894
979	772	784	667	781	760	895
980	773	785	668	782	761	896
981|982|983|984|985|986	774|775|776|777|778|779|780	786|787|788|789	669|670|671	783|784|785|786|787|788	762|763|764|765|766|767|768	897|898|899|900|901
987|988	781|782	790|791	672	789|790	769|770|771	902|903
989	783	792	673	791	772|773	904
990|991	784|785	793|794	674	792|793|794	774	905|906
992	786|787	795|796	675|676	795|796	775|776	907
	788					
993|994	789|790	797|798	677	797|798	777	908|909
				799		
995	791	799	678	800|801	778|779	910
996|997|998|999|1000|1001|1002|1003|1004	792|793|794|795|796|797|798|799	800|801|802|803|804|805|806|807	679|680|681|682	802|803|804|805|806|807|808	780|781|782|783|784|785|786|787	911|912|913|914|915|916|917|918|919
1005	800	808	683	809	788	920
1006	801	809|810	684	810	789	921
1007	802	811	685	811	790	922
1008|1009|1010|1011	803|804|805|806	812|813|814|815	686|687|688	812|813|814	791|792|793	923|924|925
1012	807	816	689	815	794	926|927
1013	808	817	690	816	795	928|929
1014	809	818	691	817	796	930
1015|1016|1017|1018|1019|1020|1021|1022|1023|1024	810|811|812|813|814|815	819|820|821|822|823|824	692|693|694|695|696|697	818|819|820|821|822|823|824|825|826	797|798|799|800|801|802|803	931|932|933|934|935|936|937|938|939|940|941|942|943
1025|1026	816|817	825	698	827|828	804	944|945
1027	818	826		829	805	946
1028	819|820	827|828	699|700	830|831		947|948
1029	821	829	701	832	806	949
1030|1031|1032|1033	822|823|824|825|826	830|831|832|833	702|703|704	833|834|835|836|837	807|808	950|951|952|953
1034	827|828	834|835	705|706	838	809|810	954
1035		836	707	839	811	955
1036|1037	829	837	708|709	840	812|813|814	956|957
1038|1039|1040|1041	830|831|832	838|839|840|841	710|711	841|842|843	815|816|817	958|959|960|961
1042|1043	833	842|843	712|713	844|845	818|819|820	962|963
1044|1045	834|835	844|845	714|715	846	821|822|823	964|965
1046|1047|1048|1049|1050	836|837|838|839|840	846|847|848	716|717|718	847|848|849|850|851	824|825|826|827	966|967|968|969|970
1051	841	849		852	828	971
1052	842	850	719	853	829	972
1053	843	851	720	854	830	973
1054	844	852	721	855	831|832	974
1055	845	853	722	856	833|834	975
1056|1057|1058	846|847|848|849	854|855|856	723|724	857|858	835|836|837|838	976|977
1059	850	857	725|726	859	839	978
1060	851	858	727	860	840	979
1061|1062|1063	852|853	859|860	728|729	861|862	841|842|843	980|981|982|983
1064|1065	854	861	730	863	844	984|985
1066|1067|1068	855|856|857	862	731|732	864|865	845|846	986|987
1069|1070	858|859	863|864	733	866	847|848	988|989|990
1071	860	865	734	867	849	991
1072	861	866	735	868	850	992
1073|1074	862|863	867|868	736	869|870	851	993|994
1075	864	869	737	871	852	995
1076	865	870	738	872	853	996
1077	866	871	739	873	854	997
1078|1079|1080	867|868|869	872|873|874|875	740|741	874|875|876	855|856	998|999|1000
1081|1082|1083|1084|1085	870|871|872	876|877|878|879	742|743|744|745|746	877|878|879|880	857|858|859|860	1001|1002|1003|1004
1086|1087|1088	873|874	880	747|748|749	881	861|862|863|864|865	1005|1006
1089|1090	875		750	882	866	1007|1008
1091|1092	876|877	881|882	751|752	883|884	867	1009|1010
1093	878	883	753|754	885	868	1011|1012
1094|1095	879	884|885	755|756	886|887	869|870	1013
1096	880	886	757	888	871	1014
1097	881	887	758	889	872	1015|1016
1098|1099|1100	882|883	888|889|890|891	759|760|761	890|891|892	873|874	1017|1018
1101|1102	884|885	892|893	762	893|894|895	875|876	1019|1020
1103|1104	886|887|888	894|895|896	763|764	896	877|878|879	1021|1022|1023|1024
1105|1106	889|890	897	765	897|898	880	1025|1026
1107	891	898	766	899		1027
1108|1109	892	899	767|768	900	881	1028|1029|1030
1110|1111	893	900	769	901	882	1031|1032|1033
1112|1113	894|895		770	902|903	883|884	1034|1035|1036
1114	896	901	771	904	885	1037
1115|1116	897|898	902|903|904	772|773	905	886	1038|1039|1040
1117	899	905	774	906	887	1041
1118|1119	900|901	906|907	775	907|908	888|889	1042
1120|1121	902	908|909|910	776	909|910|911	890|891	1043|1044|1045
1122	903	911		912	892	1046|1047
1123|1124	904|905	912	777|778	913|914	893	1048|1049|1050
1125|1126|1127	906|907	913|914|915	779|780	915|916|917|918	894|895	1051|1052
1128	908	916	781	919|920	896	1053
1129	909	917	782	921	897|898	1054
1130	910	918	783	922	899	1055
1131|1132|1133	911|912|913|914	919|920|921|922	784|785	923|924|925	900|901|902	1056|1057
1134|1135|1136|1137|1138|1139|1140|1141|1142|1143|1144|1145|1146|1147|1148	915|916|917|918|919|920|921	923|924|925|926|927|928	786|787|788|789|790	926|927|928|929|930|931|932	903|904|905|906|907|908|909	1058|1059|1060|1061|1062|1063|1064|1065|1066|1067|1068|1069|1070|1071
1149	922		791	933	910	1072|1073
1150|1151	923|924	929|930	792|793	934|935	911	1074|1075
1152	925|926	931	794	936	912	1076
1153	927	932	795	937	913	1077
1154	928	933	796	938	914	1078
1155|1156|1157|1158|1159|1160	929|930|931	934|935|936	797|798|799	939|940|941|942	915|916|917	1079|1080|1081|1082|1083
1161|1162|1163|1164|1165|1166|1167	932|933|934|935|936	937|938|939|940	800|801|802|803	943|944|945|946	918|919|920|921	1084|1085|1086|1087|1088|1089|1090|1091
1168|1169|1170|1171	937|938	941|942	804|805|806	947|948	922|923	1092|1093|1094|1095
1172|1173		943	807	949	924	1096|1097
1174|1175|1176|1177|1178	939|940|941	944|945|946	808|809|810	950|951	925|926|927	1098|1099|1100
1179|1180	942	947	811	952|953	928|929	1101|1102
1181	943	948|949	812	954	930	1103
1182|1183	944|945	950|951	813	955|956	931|932|933	1104|1105
1184	946|947	952	814	957	934|935	1106|1107
1185	948	953	815	958	936	1108
1186|1187|1188|1189|1190	949|950|951	954|955|956	816|817	959|960|961	937|938|939	1109|1110|1111|1112
1191|1192	952|953	957	818	962	940	1113|1114|1115
1193|1194|1195|1196	954|955	958|959	819|820|821	963|964|965|966	941|942|943|944	1116|1117
1197	956	960	822	967	945	1118
1198|1199|1200	957|958|959	961|962	823|824	968|969|970	946|947	1119|1120
1201	960	963	825	971	948	1121
1202	961	964	826	972	949	1122
1203|1204	962|963	965|966	827	973|974	950	1123|1124|1125
1205|1206|1207	964|965|966|967	967|968|969	828	975|976|977	951|952	1126|1127|1128|1129
1208|1209	968|969	970|971|972	829	978|979	953	1130|1131
1210|1211|1212|1213|1214	970|971|972	973|974|975	830|831|832	980|981|982	954|955|956|957|958	1132|1133|1134|1135
1215|1216	973|974	976|977	833	983|984	959|960|961	1136|1137
1217|1218	975|976	978|979	834	985|986	962|963	1138|1139
1219|1220|1221|1222	977|978|979	980|981|982|983	835|836|837|838	987|988|989|990	964|965	1140|1141|1142|1143|1144
1223	980	984	839	991	966	1145
1224	981|982	985|986	840	992|993	967|968	1146|1147
1225|1226	983|984	987|988	841	994|995	969|970|971	1148|1149
1227	985	989	842	996	972|973	1150
1228|1229	986	990	843|844	997|998	974|975	1151
1230|1231	987|988	991|992	845|846	999|1000	976|977	1152
1232	989	993	847	1001	978|979	1153
1233|1234	990|991	994	848|849	1002|1003	980	1154|1155
1235	992	995	850	1004	981	1156
1236|1237|1238|1239|1240|1241	993|994|995|996|997	996|997|998|999	851|852|853|854	1005|1006|1007|1008|1009	982|983|984	1157|1158|1159|1160|1161|1162
1242|1243|1244|1245|1246|1247	998|999|1000|1001|1002	1000|1001|1002|1003|1004|1005|1006	855|856|857	1010|1011|1012|1013|1014|1015	985|986|987	1163|1164|1165|1166|1167
1248|1249|1250|1251|1252|1253	1003|1004|1005|1006	1007|1008|1009|1010|1011	858|859|860|861	1016|1017|1018|1019|1020|1021	988|989|990|991	1168|1169|1170|1171|1172
1254|1255|1256	1007|1008|1009	1012|1013	862|863|864	1022|1023|1024	992|993|994	1173|1174
1257|1258	1010|1011	1014|1015	865	1025	995|996	1175|1176
1259	1012	1016	866	1026	997	1177|1178
1260	1013	1017	867	1027	998|999	1179|1180
1261|1262|1263	1014|1015	1018|1019	868|869	1028|1029|1030	1000|1001	1181|1182|1183|1184|1185
1264|1265	1016|1017|1018	1020|1021	870|871|872	1031	1002|1003|1004	1186|1187
1266	1019	1022	873|874	1032	1005	1188
1267|1268	1020|1021	1023|1024	875	1033|1034	1006|1007	1189|1190
1269|1270	1022|1023	1025	876|877	1035|1036	1008|1009	1191|1192
1271|1272|1273	1024|1025	1026|1027	878|879	1037|1038|1039	1010|1011	1193|1194|1195|1196|1197
1274|1275|1276	1026|1027|1028	1028|1029|1030	880|881|882|883	1040	1012|1013|1014	1198|1199|1200
1277|1278	1029|1030	1031	884|885	1041	1015	1201|1202
1279|1280	1031|1032	1032|1033	886|887	1042	1016	1203|1204
1281|1282|1283|1284|1285|1286|1287|1288|1289	1033|1034|1035|1036|1037|1038|1039	1034|1035|1036|1037|1038|1039|1040	888|889|890|891|892|893	1043|1044|1045|1046|1047|1048|1049	1017|1018|1019|1020|1021|1022	1205|1206|1207|1208|1209|1210
1290|1291|1292|1293|1294|1295|1296|1297|1298|1299|1300|1301|1302	1040|1041|1042|1043|1044|1045|1046|1047|1048	1041|1042|1043|1044|1045|1046|1047	894|895|896|897|898	1050|1051|1052|1053|1054|1055|1056	1023|1024|1025|1026|1027|1028|1029|1030|1031|1032	1211|1212|1213|1214|1215|1216|1217|1218|1219|1220|1221|1222
1303|1304|1305|1306|1307|1308|1309	1049|1050|1051|1052|1053	1048|1049|1050|1051|1052	899|900|901|902	1057|1058|1059|1060	1033|1034|1035|1036|1037	1223|1224|1225|1226|1227
1310	1054|1055	1053|1054	903|904	1061|1062	1038|1039	1228
1311|1312	1056|1057	1055|1056	905|906	1063|1064	1040	1229
1313	1058	1057	907	1065	1041|1042	1230
1314|1315|1316|1317|1318|1319|1320|1321|1322|1323|1324|1325	1059|1060|1061|1062|1063|1064|1065|1066|1067|1068	1058|1059|1060|1061|1062|1063|1064	908|909|910|911|912|913|914|915	1066|1067|1068|1069|1070|1071|1072	1043|1044|1045|1046|1047|1048|1049|1050|1051	1231|1232|1233|1234|1235|1236|1237|1238
1326|1327	1069|1070	1065|1066	916|917	1073|1074	1052	1239|1240
1328	1071	1067	918	1075	1053	1241
1329|1330|1331|1332|1333|1334	1072|1073|1074|1075|1076|1077	1068|1069|1070|1071|1072|1073	919|920|921|922	1076|1077|1078|1079|1080	1054|1055|1056|1057	1242|1243|1244
1335|1336|1337|1338|1339|1340|1341|1342	1078|1079|1080|1081|1082	1074|1075|1076|1077|1078	923|924|925|926|927	1081|1082|1083|1084|1085|1086	1058|1059|1060|1061|1062|1063|1064|1065|1066|1067	1245|1246|1247|1248|1249
1343	1083	1079	928	1087	1068	1250
						1251
1344	1084	1080	929	1088	1069	1252|1253
1345|1346|1347|1348|1349	1085|1086|1087|1088|1089	1081|1082|1083	930|931|932|933	1089|1090|1091|1092	1070|1071|1072	1254|1255|1256|1257|1258|1259
1350|1351|1352	1090|1091	1084|1085|1086	934|935	1093|1094	1073|1074|1075	1260|1261|1262
1353|1354	1092|1093	1087	936|937	1095|1096	1076|1077|1078	1263|1264
1355|1356|1357	1094|1095|1096	1088|1089	938|939	1097|1098|1099	1079|1080	1265|1266|1267
1358|1359	1097|1098|1099	1090|1091|1092	940|941|942	1100|1101|1102	1081	1268|1269
1360	1100	1093	943	1103	1082	1270
1361	1101	1094		1104|1105	1083	1271
1362|1363	1102|1103	1095|1096	944	1106|1107	1084	1272|1273
1364|1365	1104|1105	1097|1098	945	1108|1109	1085|1086|1087	1274|1275
1366	1106	1099	946	1110	1088	1276
1367|1368	1107|1108	1100|1101	947|948	1111|1112	1089|1090	1277
1369|1370|1371|1372|1373|1374|1375|1376	1109|1110|1111|1112|1113	1102|1103|1104	949|950|951|952	1113|1114|1115|1116|1117|1118	1091|1092|1093|1094	1278|1279|1280|1281|1282|1283|1284
1377	1114	1105		1119	1095	1285
1378	1115	1106		1120	1096	1286
1379|1380|1381|1382	1116|1117|1118	1107|1108|1109	953	1121|1122|1123	1097|1098|1099|1100	1287|1288|1289
1383|1384|1385|1386	1119|1120|1121|1122	1110|1111|1112	954|955	1124|1125	1101|1102	1290|1291|1292|1293
1387|1388|1389|1390	1123|1124|1125	1113|1114	956|957	1126|1127	1103|1104	1294|1295|1296
1391|1392|1393|1394	1126|1127|1128	1115|1116|1117	958|959	1128|1129	1105|1106	1297|1298
1395|1396|1397|1398|1399|1400	1129|1130|1131|1132|1133|1134|1135	1118|1119|1120|1121	960|961|962|963|964|965	1130|1131|1132	1107|1108|1109|1110|1111|1112|1113	1299|1300|1301|1302|1303|1304
1401|1402|1403|1404|1405|1406|1407|1408	1136|1137|1138|1139|1140|1141	1122|1123|1124|1125|1126|1127|1128	966|967|968|969|970|971	1133|1134|1135	1114|1115|1116|1117|1118|1119|1120	1305|1306|1307|1308|1309
1409|1410|1411	1142|1143	1129|1130	972|973|974	1136	1121|1122	1310|1311
1412|1413	1144|1145|1146	1131|1132	975	1137|1138	1123|1124|1125	1312
1414	1147	1133	976	1139	1126|1127	1313
						1314
1415|1416	1148|1149	1134	977	1140|1141	1128|1129	1315|1316
1417|1418|1419	1150|1151|1152|1153	1135|1136|1137	978|979|980	1142|1143|1144|1145	1130|1131	1317|1318
1420	1154	1138	981	1146	1132	1319
1421	1155|1156	1139	982	1147	1133	1320|1321
1422	1157	1140|1141	983	1148|1149	1134|1135	1322|1323
1423|1424	1158|1159	1142|1143	984	1150	1136|1137|1138	1324|1325|1326
1425|1426|1427|1428	1160|1161|1162|1163	1144|1145	985|986	1151|1152|1153|1154	1139|1140	1327|1328|1329
1429	1164	1146	987	1155	1141	1330|1331
1430	1165	1147	988	1156	1142|1143	1332
						1333
						1334
						1335
1431	1166	1148	989	1157	1144|1145	1336|1337
1432	1167	1149	990	1158	1146	1338|1339
1433	1168	1150	991	1159	1147	1340
1434	1169	1151	992	1160	1148|1149	1341
1435|1436|1437	1170|1171|1172	1152|1153	993|994	1161|1162|1163	1150|1151	1342|1343|1344|1345|1346|1347
1438|1439	1173|1174	1154|1155|1156|1157	995|996	1164|1165	1152	1348|1349
1440|1441	1175|1176	1158|1159|1160	997	1166|1167|1168	1153|1154	1350|1351|1352
1442	1177	1161		1169	1155	1353
1443|1444|1445	1178|1179|1180	1162|1163	998	1170|1171|1172	1156|1157|1158	1354|1355|1356
1446	1181		999	1173	1159|1160	1357
1447|1448|1449|1450|1451|1452|1453|1454|1455	1182|1183|1184|1185|1186|1187|1188|1189	1164|1165|1166|1167|1168|1169	1000|1001|1002|1003|1004|1005|1006	1174|1175|1176|1177|1178|1179|1180|1181|1182|1183	1161|1162|1163|1164|1165|1166|1167|1168	1358|1359|1360|1361|1362|1363|1364
1456|1457	1190|1191|1192	1170	1007|1008	1184|1185	1169|1170	1365|1366
1458	1193	1171	1009	1186	1171	1367
1459	1194	1172	1010	1187	1172	1368
1460|1461	1195|1196	1173|1174	1011	1188|1189	1173|1174	1369|1370
1462	1197	1175	1012	1190	1175	1371
1463	1198	1176	1013	1191	1176	1372
1464	1199	1177	1014	1192	1177|1178	1373
1465|1466|1467|1468|1469	1200|1201|1202	1178|1179|1180	1015|1016|1017	1193|1194	1179|1180	1374|1375|1376|1377
1470|1471	1203	1181	1018	1195	1181	1378
1472	1204	1182	1019	1196	1182|1183	1379
1473	1205	1183|1184	1020	1197	1184	1380
1474	1206	1185	1021	1198	1185	1381
1475|1476|1477|1478|1479|1480|1481|1482|1483|1484|1485|1486|1487|1488|1489	1207|1208|1209|1210|1211|1212|1213|1214|1215|1216|1217	1186|1187|1188|1189|1190|1191|1192|1193|1194|1195|1196	1022|1023|1024|1025|1026|1027|1028|1029|1030|1031	1199|1200|1201|1202|1203|1204|1205|1206|1207|1208|1209	1186|1187|1188|1189|1190|1191|1192|1193|1194|1195	1382|1383|1384|1385|1386|1387|1388|1389|1390|1391|1392|1393
1490	1218	1197	1032	1210	1196	1394
1491|1492	1219|1220	1198	1033	1211	1197	1395|1396|1397
1493|1494|1495|1496|1497	1221|1222|1223	1199|1200|1201	1034|1035|1036	1212|1213	1198|1199|1200	1398|1399|1400|1401|1402
1498	1224	1202	1037	1214	1201|1202	1403
1499|1500|1501|1502	1225|1226|1227|1228	1203|1204|1205|1206	1038|1039|1040	1215|1216|1217	1203|1204|1205	1404|1405|1406
1503	1229	1207	1041	1218	1206	1407
1504	1230	1208	1042	1219	1207	1408
1505	1231	1209	1043	1220	1208|1209	1409
1506|1507	1232|1233	1210|1211	1044	1221|1222	1210|1211|1212|1213	1410|1411
1508	1234	1212|1213	1045	1223	1214|1215	1412
1509	1235	1214	1046	1224	1216	1413
1510|1511	1236	1215	1047	1225	1217	1414
1512|1513|1514|1515|1516	1237|1238	1216|1217	1048	1226|1227	1218|1219|1220	1415|1416|1417|1418
1517|1518|1519	1239	1218	1049	1228	1221	1419|1420
1520|1521	1240|1241	1219|1220	1050	1229|1230	1222|1223	1421|1422
1522|1523	1242|1243	1221|1222	1051|1052	1231|1232	1224	1423|1424
1524|1525	1244	1223	1053|1054		1225|1226	1425|1426
1526|1527		1224|1225	1055|1056		1227	1427|1428
1528|1529|1530|1531|1532|1533|1534|1535	1245|1246|1247|1248	1226|1227|1228|1229	1057|1058|1059|1060	1233|1234	1228|1229|1230|1231|1232	1429|1430|1431|1432|1433|1434
1536|1537|1538|1539	1249	1230	1061	1235|1236	1233|1234	1435|1436|1437
1540|1541|1542|1543|1544|1545|1546|1547|1548|1549	1250|1251|1252|1253	1231|1232|1233|1234|1235|1236|1237	1062|1063|1064|1065	1237|1238|1239|1240	1235|1236|1237|1238|1239|1240	1438|1439|1440|1441|1442|1443|1444|1445|1446|1447
1550|1551	1254	1238	1066	1241	1241	1448|1449
1552|1553	1255	1239		1242	1242	1450
1554|1555	1256	1240|1241	1067	1243	1243	1451|1452
1556	1257	1242	1068	1244	1244	1453|1454
1557	1258	1243	1069	1245	1245|1246	1455|1456
1558	1259	1244	1070	1246	1247	1457
1559|1560|1561|1562	1260|1261	1245|1246|1247|1248	1071|1072	1247|1248|1249	1248|1249|1250|1251	1458|1459|1460|1461
1563|1564|1565|1566|1567	1262|1263|1264|1265	1249|1250|1251|1252		1250|1251	1252|1253|1254	1462|1463|1464|1465
	1266					
1568	1267|1268	1253|1254		1252	1255|1256	1466|1467
1569|1570|1571	1269|1270	1255|1256	1073	1253|1254|1255|1256	1257|1258|1259|1260	1468|1469|1470|1471
1572	1271	1257|1258		1257|1258	1261|1262	1472
1573|1574	1272	1259|1260	1074	1259	1263|1264	1473|1474
1575|1576|1577	1273|1274	1261|1262	1075|1076	1260|1261|1262	1265|1266|1267	1475|1476|1477
1578|1579	1275	1263|1264	1077	1263	1268|1269	1478|1479|1480
1580	1276|1277	1265|1266	1078|1079	1264|1265	1270|1271	1481|1482
						1483
1581|1582|1583|1584	1278|1279|1280|1281	1267|1268|1269	1080|1081	1266|1267|1268|1269	1272|1273|1274	1484|1485|1486|1487
1585|1586	1282|1283	1270|1271	1082	1270|1271	1275	1488|1489
1587	1284	1272	1083	1272	1276	1490
1588|1589|1590|1591|1592|1593	1285|1286|1287|1288|1289	1273|1274|1275|1276	1084|1085|1086	1273|1274|1275|1276	1277|1278|1279|1280|1281	1491|1492|1493|1494
1594	1290	1277		1277	1282|1283	1495
1595|1596	1291|1292	1278|1279	1087|1088	1278|1279	1284	1496
1597|1598|1599|1600|1601|1602	1293|1294|1295	1280|1281|1282	1089|1090	1280|1281|1282	1285|1286|1287	1497|1498|1499|1500|1501
1603|1604|1605|1606|1607|1608|1609|1610|1611|1612|1613|1614|1615|1616	1296|1297|1298|1299|1300|1301	1283|1284|1285|1286|1287|1288|1289	1091|1092|1093|1094|1095|1096	1283|1284|1285|1286|1287|1288	1288|1289|1290|1291|1292|1293|1294|1295	1502|1503|1504|1505|1506|1507|1508|1509
1617|1618	1302|1303	1290	1097	1289	1296|1297	1510
1619|1620	1304|1305	1291|1292	1098	1290|1291	1298|1299	1511|1512
1621|1622|1623|1624|1625	1306|1307|1308|1309	1293|1294|1295	1099|1100	1292|1293|1294|1295	1300|1301|1302	1513|1514|1515|1516|1517
1626|1627|1628|1629|1630|1631|1632	1310|1311|1312|1313|1314	1296|1297|1298|1299|1300	1101|1102|1103	1296|1297|1298|1299|1300	1303|1304|1305|1306|1307	1518|1519|1520|1521|1522|1523
1633	1315	1301	1104	1301	1308	1524
1634	1316	1302	1105	1302	1309	1525
1635|1636|1637|1638|1639	1317|1318|1319|1320	1303|1304|1305|1306|1307|1308	1106|1107|1108	1303|1304|1305|1306|1307	1310|1311|1312|1313|1314	1526|1527|1528|1529|1530
1640|1641|1642|1643|1644|1645|1646|1647|1648	1321|1322|1323|1324|1325|1326|1327	1309|1310|1311|1312|1313|1314	1109|1110|1111|1112	1308|1309|1310|1311|1312|1313|1314	1315|1316|1317|1318|1319|1320|1321|1322	1531|1532|1533|1534|1535|1536|1537|1538
1649|1650	1328|1329	1315|1316	1113	1315	1323	1539|1540
1651	1330	1317	1114	1316	1324	
1652|1653|1654|1655|1656	1331|1332|1333	1318|1319|1320	1115|1116	1317|1318|1319|1320	1325|1326|1327	1541
1657	1334	1321		1321	1328	
1658|1659	1335|1336	1322|1323	1117	1322|1323	1329|1330	
1660|1661	1337	1324	1118	1324	1331	
1662|1663	1338|1339	1325|1326		1325|1326	1332	
1664|1665	1340|1341	1327|1328	1119	1327|1328	1333	
1666|1667	1342|1343	1329|1330	1120	1329	1334	
1668	1344	1331	1121	1330	1335	
1669|1670|1671|1672|1673	1345|1346|1347	1332|1333|1334|1335	1122|1123|1124|1125	1331|1332|1333	1336|1337|1338|1339	1542
1674	1348	1336	1126	1334	1340|1341	
1675|1676	1349	1337|1338	1127	1335|1336	1342|1343	
1677|1678	1350|1351	1339|1340	1128	1337|1338	1344	
1679|1680	1352|1353	1341|1342	1129|1130	1339|1340	1345|1346	1543
1681|1682|1683|1684	1354|1355|1356|1357	1343|1344|1345|1346	1131|1132	1341|1342|1343|1344	1347|1348|1349	
1685|1686|1687	1358|1359	1347|1348|1349	1133|1134|1135	1345|1346|1347	1350|1351	
1688|1689|1690	1360|1361	1350|1351|1352	1136|1137	1348|1349	1352|1353|1354	
1691	1362	1353	1138	1350	1355	
1692|1693	1363|1364	1354|1355	1139	1351|1352	1356	
1694	1365	1356	1140	1353	1357	
1695|1696	1366	1357|1358	1141	1354|1355	1358	
1697|1698|1699|1700	1367|1368|1369	1359|1360|1361	1142|1143	1356|1357|1358	1359	1544
1701|1702	1370|1371|1372	1362|1363	1144	1359|1360	1360	
1703|1704|1705|1706|1707	1373|1374|1375|1376|1377	1364|1365|1366|1367	1145|1146|1147|1148	1361|1362|1363|1364	1361|1362	1545
1708|1709	1378|1379	1368|1369	1149|1150	1365|1366	1363	
1710|1711	1380|1381	1370|1371	1151|1152	1367|1368	1364	
1712|1713	1382|1383	1372|1373	1153	1369	1365	
1714|1715	1384|1385	1374|1375	1154	1370|1371	1366	
		1376				
1716|1717|1718	1386|1387|1388	1377|1378|1379	1155	1372|1373|1374	1367|1368|1369	1546
1719	1389	1380	1156	1375	1370	1547
1720	1390	1381		1376	1371|1372	1548
1721|1722	1391|1392	1382|1383	1157	1377|1378	1373|1374|1375	1549|1550
1723|1724	1393|1394	1384|1385		1379	1376|1377|1378|1379	1551|1552
1725	1395	1386			1380|1381	1553
1726	1396	1387		1380	1382	1554
1727|1728	1397	1388|1389	1158	1381|1382	1383|1384	1555|1556
1729|1730	1398|1399	1390|1391	1159	1383|1384	1385	1557|1558
1731|1732|1733	1400|1401	1392|1393	1160	1385|1386	1386|1387|1388	1559|1560|1561|1562
1734	1402|1403	1394|1395	1161|1162	1387|1388	1389	1563|1564
1735	1404	1396	1163	1389	1390	1565
1736|1737|1738	1405|1406	1397|1398	1164|1165	1390|1391	1391|1392|1393	1566|1567|1568
1739|1740	1407|1408	1399	1166|1167	1392|1393	1394	1569
1741	1409	1400	1168	1394	1395	1570
1742|1743	1410|1411	1401|1402	1169	1395	1396|1397|1398	1571|1572
1744|1745	1412|1413	1403	1170	1396	1399	1573|1574
1746|1747	1414|1415	1404|1405	1171	1397|1398	1400|1401	1575|1576
1748|1749	1416|1417|1418	1406	1172|1173	1399|1400|1401|1402	1402|1403|1404	1577|1578|1579
1750|1751|1752	1419|1420|1421	1407|1408	1174|1175	1403|1404|1405	1405|1406|1407	1580|1581
1753	1422	1409	1176|1177	1406|1407	1408|1409	1582
					1410	
1754	1423	1410	1178	1408	1411	1583
1755	1424	1411	1179	1409	1412	1584
1756	1425|1426	1412	1180		1413|1414	1585|1586
1757|1758|1759|1760	1427|1428	1413|1414|1415	1181|1182	1410|1411	1415|1416|1417|1418|1419	1587|1588|1589|1590
		1416				
1761	1429|1430	1417|1418	1183|1184		1420|1421	1591|1592
1762|1763	1431|1432	1419|1420|1421	1185	1412	1422|1423	1593|1594|1595
1764|1765|1766	1433|1434|1435|1436	1422|1423|1424	1186|1187|1188	1413|1414	1424|1425|1426	1596|1597
1767	1437	1425	1189	1415	1427	1598
1768	1438	1426	1190	1416	1428	1599
1769	1439	1427	1191	1417|1418	1429	1600|1601
1770	1440	1428	1192	1419	1430	1602
1771	1441	1429	1193	1420	1431	1603
1772|1773	1442|1443	1430|1431	1194|1195|1196	1421|1422	1432	1604|1605
			1197			
1774|1775	1444|1445|1446	1432	1198|1199|1200|1201	1423|1424	1433|1434|1435	1606|1607
