	micha-ii-61-1,sommer-ii-61-1,fr751-ii-61-1,fr111-ii-61-1,inc-ii-61-1,lanzarote-ii-61-1,lancellotto-ii-61-1
0	0|1	0|1|2	0|1	0|1	0|1	0|1
			2			
			3			
		3				
1|2	2	4|5	4|5|6|7	2	2|3|4	2|3|4|5
3|4	3	6	8|9	3|4	5|6	6
5	4	7	10	5	7	7
6	5	8		6	8	8|9
7|8|9|10|11	6|7	9|10|11|12|13|14|15	11|12|13|14|15	7|8	9|10|11|12|13	10|11|12|13|14
12|13|14|15		16|17|18|19|20	16|17|18|19|20	9|10	14|15	15|16|17|18|19
16	8	21	21	11		20
17	9	22	22	12	16	21
18|19|20|21|22	10|11|12|13|14	23|24|25	23|24|25	13|14|15	17|18|19	22|23|24|25|26
23|24|25|26	15|16	26|27|28	26|27|28	16|17|18	20|21|22	27|28|29|30|31
27	17|18	29	29	19	23	32
					24	
28	19|20	30|31	30	20	25	33
29	21	32	31	21	26	34
30|31	22|23	33|34	32|33	22|23	27|28|29	35
		35				
32	24|25	36|37	34	24|25	30|31	36|37
33|34	26	38|39	35	26|27	32|33	38|39
35|36	27	40|41	36|37	28|29	34|35	40|41
37|38|39|40	28|29	42|43|44|45	38|39|40|41	30|31	36|37|38	42|43|44|45
41|42|43	30	46|47	42|43|44		39|40	46|47|48|49
44		48	45		41	50
45|46|47|48|49|50	31|32|33|34	49|50|51|52	46|47|48|49|50	32|33	42|43|44|45|46	51|52|53|54
51|52|53|54|55	35|36|37|38	53|54|55|56	51|52|53|54|55	34|35|36	47|48|49	55|56|57|58|59|60
56|57	39	57|58|59	56|57|58|59		50|51|52	61|62|63|64
58|59	40	60|61	60|61	37	53	65|66
60|61|62|63	41|42	62|63|64|65|66	62|63	38|39|40	54|55|56|57|58|59	67|68|69|70|71|72
						73
64	43	67|68	64|65	41	60|61	74|75
						76
65|66	44	69|70|71|72	66|67|68	42|43	62|63|64	77|78|79
67	45	73	69	44	65	80
68	46	74	70	45	66	81
69|70	47	75	71	46	67	82
71|72	48|49	76|77	72|73	47	68	83|84
73	50	78	74	48	69	85
74|75	51|52	79	75|76	49|50	70|71	86|87
76|77	53	80|81	77|78	51|52	72	88|89
78|79|80	54|55|56	82|83|84	79|80|81	53|54|55	73|74	90|91
81	57	85	82	56	75	92
82|83|84|85	58|59|60|61	86|87|88|89	83|84|85|86	57|58|59	76|77|78|79	93|94|95|96
86|87	62|63	90|91	87|88	60|61	80	
88|89	64|65	92|93	89|90	62|63	81|82	97
90|91	66	94|95		64	83	98
92|93	67|68	96|97		65	84|85	99
94|95|96|97|98|99|100	69|70|71|72|73	98|99|100|101|102|103|104		66|67|68|69|70	86|87|88|89|90	100|101
101	74	105		71	91	
102|103|104|105|106|107|108	75|76|77|78|79	106|107|108|109|110|111|112|113		72	92|93|94|95	102|103
109|110|111|112	80|81|82|83	114|115|116|117|118	91|92|93	73|74	96|97|98	104|105
113|114	84|85	119	94|95	75	99|100	106|107
115|116	86|87	120|121|122	96|97|98	76	101|102|103	108|109
117|118|119|120	88|89|90|91	123|124|125	99|100|101	77|78	104|105|106	110|111|112
121|122	92|93|94	126|127|128	102|103|104|105	79	107|108|109	113|114|115
123	95	129	106		110	116
124	96	130	107		111	117
125	97	131	108		112	118
126|127	98	132	109		113|114	119|120
128	99|100	133|134	110|111		115	121|122
129|130|131	101	135|136	112|113|114	80|81	116|117|118	123|124|125
132|133|134|135|136|137	102|103	137|138|139	115|116|117|118|119|120	82|83|84	119|120|121|122|123	126|127|128|129|130
138|139|140|141|142	104|105|106	140|141|142|143|144	121|122|123|124|125	85|86	124|125|126	131|132|133|134|135|136
143		145	126|127		127	137
144|145	107	146|147	128	87	128	138
146	108	148	129	88		139
147	109	149	130	89	129	140
148|149	110	150|151	131	90	130	141|142
150|151|152|153|154|155	111|112|113	152|153|154|155|156	132|133|134|135|136	91|92|93	131|132|133	143|144|145|146|147
156|157		157|158	137|138	94	134	148|149|150
158|159	114	159|160	139|140|141		135	151|152
160|161	115|116	161	142|143	95	136|137	153|154|155
162	117|118	162	144|145	96	138|139	156|157
163|164	119	163|164	146	97	140|141	158|159
		165				
165|166|167|168|169|170	120|121|122|123|124	166|167|168|169|170	147|148|149|150|151|152	98|99|100|101	142|143|144|145|146|147|148	160|161|162|163|164|165
			153			
			154			
171|172	125	171|172	155|156	102	149	166|167
173	126|127	173|174	157|158	103|104	150|151	168|169
174|175	128|129	175|176	159|160	105	152	170|171
176|177	130	177	161|162	106	153|154	172|173
178|179|180	131|132	178|179	163|164	107|108	155|156|157	174|175
181|182|183|184|185|186|187	133|134|135|136|137|138|139	180|181|182|183|184|185	165|166|167|168|169|170|171|172	109|110|111|112|113|114|115	158|159|160|161|162	176|177|178|179
188|189|190|191|192|193|194|195	140|141|142|143|144	186|187|188|189|190|191|192|193|194	173|174|175|176|177	116|117|118|119|120|121|122|123|124	163|164|165|166|167|168|169|170|171	180|181|182|183
196|197	145	195|196	178|179	125	172|173	
198	146|147	197|198	180	126	174|175	
199|200	148	199	181|182	127|128	176	
201|202	149	200	183|184	129	177	
203|204	150	201|202|203	185	130	178|179|180|181	
205|206|207|208|209|210|211|212	151|152|153|154	204|205|206|207|208|209|210	186|187|188|189|190|191	131|132|133|134|135	182|183|184|185|186|187|188|189	184
213|214|215	155|156|157|158|159	211|212|213	192|193|194	136|137|138	190|191|192	185
216|217|218|219|220	160|161|162|163	214|215|216|217	195|196|197|198|199	139|140|141|142	193|194|195	
221|222|223|224	164|165|166|167	218|219|220|221	200|201|202|203|204	143|144|145	196|197|198|199|200	
225	168	222	205	146	201	
226	169|170	223	206|207	147	202	
227|228|229|230|231	171|172	224|225|226|227	208|209|210|211	148|149	203|204|205|206	
232|233|234	173|174	228|229|230|231	212|213|214|215	150|151	207|208|209	186
235|236	175|176|177	232|233|234	216|217	152|153	210	
237|238	178|179|180	235|236	218|219|220	154|155	211	
239	181	237	221	156	212	
240|241|242|243	182|183	238|239|240|241	222|223|224|225	157|158	213|214|215	187
244		242	226	159	216	
245	184	243	227	160	217	
246|247|248|249	185|186	244|245|246|247	228|229|230|231	161|162	218|219	188|189|190
250|251	187|188	248	232|233	163	220|221	191|192
252|253|254|255|256|257	189|190|191|192|193|194	249|250|251|252|253	234|235|236|237|238|239	164|165|166|167|168	222|223|224	193|194|195|196|197|198
258	195	254	240	169	225	199
259|260|261|262|263|264	196|197|198	255|256|257|258|259|260	241|242|243|244|245|246	170|171|172|173	226|227	200|201|202|203|204
265	199	261	247	174	228	205
266|267	200	262|263	248	175	229	206
268|269|270|271|272|273|274|275	201|202|203	264|265|266|267|268	249|250|251|252|253|254|255|256	176|177|178|179|180	230|231|232|233|234	207|208|209|210|211|212
276|277|278|279|280|281|282|283	204|205|206|207	269|270|271|272|273|274|275	257|258|259|260|261	181|182|183|184	235|236|237|238|239	213|214|215|216|217|218|219
284|285|286|287	208|209|210	276|277|278	262|263|264	185	240|241	220|221|222|223
288|289|290	211|212|213	279|280|281	265|266	186|187	242|243	224|225|226
291	214|215	282	267	188|189	244|245	227
292	216	283	268	190	246|247	228
293|294	217|218|219	284|285	269|270	191|192	248	229|230
295|296|297|298	220|221|222	286|287|288|289	271|272|273	193|194	249|250|251|252	231|232|233|234|235|236
299|300	223|224|225|226	290	274	195	253	237|238
301|302|303|304	227|228|229|230|231	291|292|293	275|276|277|278|279|280	196|197	254|255|256|257	239|240|241|242
305	232	294	281	198	258	243
306	233	295	282	199		244
307|308	234|235	296|297	283|284	200|201	259	245|246
309	236	298	285	202	260	247
310	237	299	286	203	261|262	248|249
311	238|239	300|301	287	204	263	250|251
312		302	288	205	264	252
313|314	240	303	289|290	206	265|266	253
315|316	241|242|243	304|305	291|292|293	207	267	254|255
317|318	244|245|246	306|307	294|295|296	208|209|210	268|269|270	256
319|320|321|322	247|248|249	308|309|310	297|298	211	271|272|273	257
323|324|325|326|327|328|329	250|251|252|253|254|255|256	311|312|313|314|315|316	299|300|301|302|303|304|305	212|213|214|215|216	274|275|276|277|278	258|259
330	257|258	317	306	217	279|280	
331	259	318	307	218	281	
332	260	319	308	219	282	
333|334	261|262	320|321	309|310	220|221	283|284|285	260
335|336|337	263|264|265	322|323|324	311|312|313	222|223	286|287	261|262
338	266	325	314	224	288	
339	267|268	326	315	225	289	
340|341|342	269|270	327|328|329	316|317|318	226|227	290|291|292	263
343	271	330	319	228	293	
344	272	331	320	229	294	
345	273|274	332	321	230	295	
346	275|276	333	322	231|232	296|297	
	277					
	278					
347|348	279|280	334	323|324	233|234|235|236	298|299	264
349|350	281|282	335|336	325|326	237|238	300	265
351|352	283|284|285|286	337	327|328|329	239|240|241	301|302|303	266
353|354	287|288	338|339	330|331	242	304|305|306	
355	289	340	332	243|244	307	
356	290	341	333	245	308	
357	291|292	342	334|335	246|247	309|310	
358|359|360	293	343|344|345	336|337	248	311|312	
361	294|295	346|347	338	249	313|314	
362	296|297	348|349	339|340	250|251	315|316	
			341			
363|364	298|299|300	350|351	342	252	317	267
365|366|367	301|302	352|353|354|355	343|344|345	253|254	318|319	268
368	303	356	346	255	320	
369	304|305	357	347|348	256|257	321|322	
	306					
370|371|372|373	307|308|309	358|359	349|350|351	258|259	323|324|325	269
374|375	310|311|312|313	360	352|353|354	260|261	326|327|328	
376	314	361	355	262	329	
377|378	315|316	362|363	356|357	263	330|331	
379|380|381|382|383	317|318|319|320	364|365|366	358|359|360|361	264|265|266	332|333|334|335|336	270|271|272
384|385	321	367|368	362|363	267|268|269	337	273|274
386	322	369	364	270	338	275
387|388	323	370|371	365|366	271	339	276|277
389|390|391	324|325|326|327	372|373|374	367|368|369	272|273	340|341	278|279
392|393	328	375|376	370|371	274|275	342|343	280|281
394|395|396|397|398	329|330|331|332|333	377|378	372|373|374|375	276|277|278	344|345|346	282|283|284
399	334	379	376	279	347	285
400	335	380	377	280	348	286
401	336	381	378	281	349	287
402|403|404|405	337|338|339|340	382|383|384|385|386	379|380|381|382	282|283|284	350|351|352	288|289|290|291
406	341	387	383	285	353	292
407	342	388	384	286	354	293
408	343	389	385	287	355	294
409|410|411	344|345|346	390|391|392	386|387|388	288|289	356|357	295|296|297
412|413	347|348	393|394	389|390	290|291	358	298
414	349	395	391	292	359	299
415	350	396	392|393	293	360	300
416|417	351|352	397|398|399	394|395|396	294|295|296	361	301
						302
418	353	400	397	297	362|363	303
419	354	401	398	298|299	364	304
420|421|422|423	355|356|357|358|359	402|403|404|405	399|400|401	300|301	365|366|367	305|306|307
	360					
	361					
424	362	406	402		368	308
425|426|427|428	363|364|365	407|408|409|410	403|404|405|406|407	302|303|304	369|370	309|310|311|312|313|314
429	366	411	408	305	371	315|316
430	367	412	409	306	372	317
431	368	413	410|411	307	373	318
432|433|434|435|436	369|370|371|372|373|374	414|415|416	412|413|414|415|416	308|309|310|311|312|313	374|375|376|377	319|320|321|322
					378	
437|438|439	375|376|377	417|418	417|418	314|315	379|380	323|324|325|326
440	378	419	419	316	381	327
441|442|443	379|380|381	420|421|422	420|421|422	317|318|319	382|383	328|329|330
444	382|383	423|424	423|424	320	384|385	331|332
445|446|447|448	384|385|386	425|426|427|428	425|426|427|428	321|322	386|387|388	333|334|335|336
449|450	387	429	429|430	323	389|390|391	337|338
451|452	388|389	430|431|432	431|432|433	324	392	339|340|341
	390					
453|454	391|392|393	433|434	434|435	325	393	342|343
455	394	435	436		394	344
456	395	436	437		395	345
457|458|459|460|461|462	396|397|398	437|438|439|440|441|442	438|439|440|441|442|443	326|327|328|329	396|397|398|399|400	346|347|348|349|350|351|352|353
463|464|465	399|400	443|444|445	444|445|446	330	401|402|403	354|355|356
466	401	446	447		404	357
467|468|469|470	402|403	447|448|449	448|449|450	331|332	405|406|407|408	358|359|360|361
471|472|473	404	450|451|452	451|452|453	333	409|410	362|363|364|365
474|475|476|477	405|406|407|408	453|454|455	454|455|456|457	334|335	411|412|413	366|367|368|369
478|479	409	456|457	458|459	336	414	370|371
480|481	410	458|459	460|461	337	415	372|373
482|483	411	460|461	462	338|339	416|417	374|375
484	412	462	463	340	418	376
485|486	413|414	463|464	464|465	341	419	377|378
487|488|489	415|416	465|466|467	466|467|468	342|343	420|421	379|380|381
490	417	468	469	344	422	382
491	418	469	470	345	423	383
492|493|494|495|496	419|420|421|422|423|424	470|471|472|473|474|475	471|472|473|474	346|347|348|349|350|351	424|425|426	384|385|386|387
497	425|426	476|477	475|476	352|353	427|428	388
498|499|500|501	427|428	478|479|480	477|478|479	354|355|356	429|430|431|432|433|434	389|390|391|392
502|503|504|505	429|430|431	481|482|483	480|481|482|483|484	357|358|359|360	435|436|437	393|394|395|396|397
506|507|508|509|510	432|433|434	484|485|486|487|488	485|486|487|488|489	361|362|363	438|439|440|441|442|443|444	398|399|400
						401
511	435	489|490	490|491	364|365	445	402|403
						404
						405
						406
512	436|437	491|492	492|493	366|367	446|447	407|408
			494			
			495			
	438					
	439					
	440					
513	441	493	496	368	448	409|410
514	442	494	497	369	449	411
515|516|517	443|444|445	495|496|497|498	498|499	370|371	450|451	412|413|414|415
518|519|520	446|447|448|449	499|500	500|501|502	372|373|374	452|453|454	416|417|418|419
521|522|523|524|525	450|451|452|453|454	501|502|503|504|505	503|504|505|506|507|508	375|376|377|378	455|456|457	420|421|422|423
526	455	506	509	379	458	424
527|528	456	507|508	510|511	380	459	425
529|530|531|532|533	457|458|459	509|510|511|512|513	512|513|514|515|516	381|382|383|384	460|461|462|463|464	426|427|428|429|430
534	460	514	517	385	465	431
535|536|537	461|462|463	515|516|517	518|519|520	386|387	466|467|468	432|433|434
538|539	464	518|519	521|522		469|470	435|436
540	465	520|521	523		471	437
541|542	466	522	524|525	388	472|473	438|439
543|544|545|546	467|468	523|524|525	526|527|528|529	389|390	474|475	440|441|442
547|548	469|470	526|527	530|531	391	476|477	443|444
549	471	528	532	392	478	445
550|551	472|473	529|530	533|534	393	479	446|447
552	474	531	535	394	480|481	448
					482	
553|554|555|556	475|476	532|533|534	536|537|538|539	395|396|397	483|484|485|486|487	449|450|451|452|453
557|558|559|560	477	535|536|537|538	540|541|542|543	398|399	488|489|490	454|455
561|562|563|564|565	478	539|540|541|542|543|544	544|545|546|547|548	400|401|402	491|492|493|494|495	456|457
566|567	479	545|546|547	549|550|551	403	496|497|498	
568|569	480|481	548|549	552|553	404	499|500	
570|571|572|573	482|483|484|485	550|551|552|553	554|555|556|557	405|406	501|502|503	458
574|575|576|577|578|579|580	486|487|488|489	554|555|556|557|558|559|560	558|559|560|561|562	407|408|409|410	504|505|506|507|508	459|460
581		561	563			
582|583|584|585|586|587	490|491|492	562|563|564|565|566|567	564|565|566	411|412	509	
588|589|590	493	568|569|570	567	413|414	510	
591	494|495	571|572	568|569	415	511	
592|593|594|595|596|597|598|599|600|601|602	496|497|498|499|500	573|574|575|576|577|578|579|580|581	570|571|572|573|574|575|576|577|578|579	416|417|418|419|420|421	512|513|514|515|516|517|518|519|520	461|462|463|464
603|604	501|502	582|583	580|581	422|423	521	
605	503|504	584	582	424	522	
606	505	585	583	425	523	
607|608	506|507	586|587	584|585	426|427	524|525	465
609|610|611|612	508|509|510	588|589|590|591	586|587|588	428|429	526|527	
613|614|615	511|512	592|593|594	589|590|591|592	430	528|529|530	466
616	513	595	593|594	431|432	531	
617|618	514|515|516	596|597	595|596	433|434|435	532|533|534	467
	517					
619|620|621|622	518|519|520|521|522	598|599|600|601	597|598|599|600	436|437|438	535|536	468
623	523	602	601		537	
624|625	524	603	602	439	538	
626	525	604	603	440	539	
627|628	526|527	605|606	604|605	441	540	
629	528	607	606	442	541	
630|631|632	529|530|531	608|609|610|611	607|608|609	443|444	542|543|544	469
633|634|635|636|637	532|533|534|535|536	612|613|614|615	610|611|612	445|446|447|448	545|546|547	470|471
638|639	537|538|539	616|617|618	613|614	449	548	472
640	540	619	615|616	450	549	473
641|642	541|542	620|621	617	451|452	550	474|475
643|644	543|544|545	622|623	618|619	453	551|552	476|477
645|646	546	624|625	620|621	454	553	478|479
647|648|649|650|651|652|653|654|655|656	547|548|549|550|551|552|553|554|555|556|557	626|627|628|629|630|631|632|633|634	622|623|624|625|626|627|628|629|630|631|632	455|456|457|458|459|460|461	554|555|556|557|558|559	480|481|482|483|484|485|486|487|488
657|658	558|559	635|636	633|634	462|463	560	489|490|491
659|660	560|561	637|638	635|636	464		492|493
661|662	562|563|564	639|640|641	637|638	465	561	494|495
663|664	565|566	642|643	639|640	466|467	562	496|497
665	567	644	641|642	468	563	498|499
666|667|668	568|569|570|571	645|646|647|648	643|644	469|470|471|472|473	564|565	500|501
669|670|671|672|673|674|675|676	572|573|574|575|576|577|578|579	649|650|651|652|653	645|646|647|648|649|650|651|652	474|475|476|477|478|479|480|481|482	566|567|568|569|570	502|503|504|505|506|507|508|509
677|678|679|680	580|581|582|583	654|655|656	653|654|655|656	483|484|485|486	571|572	510|511|512|513|514
681|682	584|585	657|658	657|658	487	573	515|516
683|684|685	586|587|588	659|660|661	659|660|661	488|489	574|575	517|518
686|687|688|689	589|590|591|592	662|663|664|665|666	662|663|664|665	490|491|492|493	576|577	519|520
690|691	593|594	667|668	666|667	494	578	
692|693	595|596	669|670	668|669	495	579	521
694|695	597|598	671|672	670|671	496|497	580	
696|697	599|600	673|674	672|673	498|499	581|582	522
698	601	675	674	500	583	
699	602	676	675	501	584	
700|701	603|604	677|678	676|677	502|503	585|586	523
702	605	679	678	504	587	
703	606|607	680	679	505	588	
704	608	681	680	506	589	
705	609	682	681	507	590	
706|707	610|611	683|684|685	682|683	508	591	
	612					
708	613	686	684	509|510	592	
709|710	614|615	687|688	685|686	511|512	593	
711|712	616|617	689|690	687|688	513|514	594|595|596	524
713|714	618|619|620	691|692	689|690	515|516	597	
715|716	621|622|623	693|694|695	691|692|693	517|518	598	
717|718	624	696	694	519	599	
719|720	625	697|698	695|696	520	600	525
721|722|723|724	626|627	699|700|701|702	697|698|699|700	521|522|523	601|602	526
725|726	628|629|630	703|704	701|702	524|525	603	
727	631	705	703	526	604	
728|729	632|633	706	704|705|706	527|528	605|606|607	
730|731|732	634|635|636	707|708|709	707|708|709|710	529|530|531	608|609	527
733	637	710	711	532	610	
734|735|736	638|639	711|712|713	712|713|714	533|534|535	611|612	528
737|738	640	714	715	536|537|538	613|614|615	
739	641	715	716	539	616	
740|741	642	716	717	540	617|618	
742	643	717	718	541	619	
743|744|745|746|747|748	644|645|646|647|648|649|650	718|719|720|721|722|723	719|720|721|722|723|724	542|543|544|545|546|547|548	620|621|622	
749|750|751	651|652|653	724|725	725|726|727	549|550	623|624	529
752	654		728	551	625	
753|754	655|656		729|730	552|553	626	
755|756	657|658	726	731	554|555	627	
757|758|759	659|660	727|728|729	732|733|734|735	556|557|558	628	
760|761	661|662|663	730|731	736|737	559|560	629	530
762	664	732	738	561	630	
763|764	665|666	733|734	739|740	562|563	631	531
765|766	667|668	735|736	741|742	564	632|633	532|533
767	669	737|738	743		634	534|535
768|769	670	739|740	744|745	565	635	536|537
770|771|772|773|774	671|672|673|674|675|676|677	741|742|743	746|747|748|749|750|751	566|567|568|569	636|637|638	538|539|540|541
775	678	744	752	570		542
776|777	679	745|746	753|754	571|572	639	543|544
778	680|681	747	755	573|574	640	545
779	682	748	756	575	641	546
780|781	683	749	757	576	642	547
782	684	750	758	577	643	548
783|784|785	685|686|687|688	751|752	759|760|761	578|579|580	644|645	549|550|551|552
786|787|788	689|690|691	753|754|755	762|763|764	581|582|583	646|647	553|554
789|790|791|792	692|693|694|695|696|697	756|757|758|759|760|761	765|766|767|768	584|585|586|587|588|589	648|649	555|556|557|558|559
793|794|795	698|699|700	762|763|764	769|770	590|591|592	650|651	560|561|562
796	701	765	771	593	652	563
797|798	702|703|704|705	766|767	772	594|595	653	564|565
799|800	706|707	768|769	773|774	596	654	566|567
801	708	770	775|776	597	655	568|569
802	709|710	771	777	598	656	570
803|804	711|712	772|773	778|779	599	657	571|572
805|806	713|714	774|775	780|781	600|601	658	573|574
807	715|716	776	782	602	659	575
808	717|718	777|778	783|784	603|604	660	576
809|810	719|720	779|780|781	785|786|787	605	661|662|663	577|578|579
						580
					664	
811	721|722	782	788	606|607	665	581
812|813	723|724	783|784|785	789|790	608|609	666	582|583
814	725	786	791	610	667	584
815|816	726|727|728	787	792	611|612	668	585|586|587
817|818	729	788	793|794	613|614|615|616	669	588
819|820	730	789|790|791	795|796	617|618	670	589
821|822	731|732	792|793	797|798|799	619|620	671	590|591|592|593
823|824	733|734|735	794	800|801	621|622	672	594|595|596
825|826	736	795	802	623	673	597
827|828	737|738|739	796|797|798	803|804|805	624|625	674	598|599
	740					
829|830	741|742	799|800	806|807	626|627	675	600
831|832|833|834	743|744|745	801|802|803|804	808|809|810	628|629|630|631	676|677	601|602|603
835|836|837|838|839|840	746|747|748	805|806|807|808|809|810	811|812|813|814|815|816	632|633|634	678|679	604|605|606|607|608|609
841|842		811|812	817|818	635|636	680	610|611
843|844|845|846	749|750	813|814|815|816	819|820|821	637|638|639	681	612|613|614|615
847	751	817	822	640		616|617
848	752	818	823	641		618
849|850	753	819	824	642|643		619|620|621
851	754	820	825	644		622
						623
852|853|854	755|756|757	821|822	826|827	645|646	682	624|625|626|627
855|856|857|858|859|860	758|759|760|761|762	823|824|825|826|827|828	828|829|830|831|832|833	647|648|649|650	683|684|685	628|629|630|631|632|633|634
861|862|863	763|764|765|766	829|830	834|835|836	651|652	686	635|636|637
864|865|866|867|868|869|870	767|768|769|770	831|832|833|834|835|836|837	837|838|839|840|841|842	653|654|655|656|657|658|659|660	687|688|689|690	638|639|640|641|642|643|644
871	771	838	843	661	691	645
872|873|874|875|876|877	772|773|774	839|840|841|842|843|844	844|845|846|847|848	662|663|664|665|666	692|693|694|695|696	646|647|648|649|650
878	775	845|846	849	667	697	651
879	776	847	850	668	698	652
880|881	777|778	848	851	669|670	699	653|654|655
882	779	849	852	671	700	656
883	780	850	853	672	701	657
884	781	851	854	673	702|703	658
885|886|887	782|783|784|785	852|853	855|856|857	674|675	704|705	659|660|661
888	786	854|855	858|859	676|677	706|707	662|663
889	787|788	856	860|861	678	708	664
890|891|892|893	789|790	857|858|859	862|863|864	679|680|681	709|710|711	665|666|667|668
894|895|896|897	791|792	860|861|862|863	865|866|867|868	682|683	712|713|714	669|670|671|672|673
898|899	793	864|865	869|870	684|685|686	715|716|717|718	674|675|676
900|901|902|903|904|905|906	794|795|796|797	866|867|868|869|870|871|872|873	871|872|873|874|875	687|688|689|690|691	719|720|721|722|723|724	677|678|679|680|681|682
907		874	876	692	725|726	683
908|909	798|799|800|801	875|876|877|878	877|878	693|694	727|728	684
910	802	879|880	879	695|696	729	685
911|912|913|914|915|916|917	803|804|805|806	881|882|883|884|885|886|887	880|881|882|883|884|885|886|887|888	697|698|699|700|701|702|703	730|731|732|733|734|735|736|737|738	686|687|688|689
918	807	888|889	889	704	739|740	
919	808	890	890	705	741	
920|921	809|810	891|892	891|892	706|707|708	742	
922	811|812	893|894	893|894	709	743	
923|924|925|926	813|814	895|896|897|898|899	895|896|897|898	710|711|712|713	744|745|746	
927		900	899	714	747	
928|929|930	815	901|902|903|904	900|901|902	715|716|717	748|749	690
931	816	905	903	718	750	
932|933|934|935|936|937|938	817|818|819|820|821	906|907|908|909|910	904|905|906|907|908	719|720|721|722|723|724	751|752|753|754	
939|940|941	822	911|912	909|910|911|912	725|726|727	755|756	
942|943|944|945|946	823|824	913|914|915|916|917	913|914|915|916|917	728|729|730	757|758|759|760|761	691
947	825|826	918	918|919	731|732	762|763	
948|949	827	919|920	920|921	733|734	764|765|766	
950		921|922	922|923	735	767	
951|952	828|829	923|924|925	924|925	736|737|738	768	
953	830	926	926	739	769|770	
954|955|956|957	831|832|833	927|928|929	927|928|929|930	740|741	771|772|773	692
958|959|960	834|835	930|931	931|932|933	742|743|744	774|775|776	693
961|962|963	836	932|933|934|935	934|935|936|937	745|746|747|748	777|778	694
964	837	936	938	749	779	
965|966	838|839|840	937|938|939	939|940	750|751	780	
967|968|969|970	841|842|843	940|941	941|942	752|753	781|782|783	695
971|972|973	844|845|846	942|943|944	943|944|945	754|755	784|785	696
974|975	847|848	945|946|947	946|947|948	756	786|787|788	697
976|977|978|979|980|981|982	849|850|851	948|949|950|951|952|953	949|950|951|952|953|954	757|758|759|760|761|762	789|790|791|792|793|794	698
983|984|985	852|853	954|955|956	955|956|957	763	795|796	
986	854	957	958|959	764	797|798	
987|988|989|990	855|856|857	958|959|960	960|961|962	765|766	799|800	
991	858	961	963	767	801	
992|993|994|995|996|997	859|860|861|862	962|963|964|965	964|965|966|967	768|769|770|771	802|803|804|805	699
998|999|1000	863|864	966|967|968|969	968|969|970	772|773|774|775	806|807	
1001	865	970	971	776	808	
1002	866	971	972	777	809	
1003	867|868	972|973	973	778	810	
1004	869	974	974	779	811	
1005	870	975	975	780	812	
1006	871	976	976	781	813|814	
1007	872	977	977	782	815	
1008	873	978	978	783	816	
1009|1010|1011|1012	874|875|876|877|878|879|880	979|980|981|982|983|984	979|980|981	784|785|786|787	817|818|819	700
1013	881	985	982	788	820	
1014|1015|1016|1017|1018	882|883|884|885	986|987|988|989	983|984|985|986	789|790|791	821|822|823|824	
1019|1020	886	990	987	792	825|826|827	
1021	887	991|992	988	793	828	
1022|1023|1024|1025	888|889|890|891|892	993|994|995|996|997	989|990|991|992|993	794|795|796|797	829|830	701
1026	893	998	994	798	831	
1027|1028|1029|1030|1031	894|895|896|897|898	999|1000|1001|1002	995|996|997|998|999	799|800|801	832|833|834	702|703
1032	899	1003	1000	802	835	
1033|1034|1035|1036|1037|1038|1039	900|901|902|903|904|905	1004|1005|1006|1007|1008|1009|1010|1011|1012	1001|1002|1003|1004|1005|1006	803|804|805|806	836|837|838|839	704|705|706|707
1040|1041|1042|1043|1044|1045|1046	906|907|908|909|910|911	1013|1014|1015|1016	1007|1008|1009|1010|1011	807|808|809|810|811|812	840|841|842	708|709|710|711
1047|1048|1049|1050|1051|1052	912|913|914	1017|1018|1019|1020|1021|1022	1012|1013|1014|1015|1016	813|814	843|844|845|846|847|848	712|713|714|715|716|717
1053|1054	915	1023|1024	1017|1018	815	849|850	718|719|720
1055|1056|1057|1058|1059	916|917|918	1025|1026|1027|1028|1029	1019|1020|1021|1022	816|817|818	851|852|853|854	721|722|723
1060	919	1030	1023	819|820	855|856	724
1061|1062|1063|1064|1065|1066|1067|1068|1069|1070|1071|1072|1073|1074|1075	920|921|922|923|924|925|926|927|928	1031|1032|1033|1034|1035|1036|1037|1038|1039|1040|1041	1024|1025|1026|1027|1028|1029|1030|1031|1032|1033|1034|1035|1036	821|822|823|824|825|826|827|828|829	857|858|859|860|861|862|863|864|865|866|867|868|869|870|871	725|726|727|728|729|730|731|732|733|734|735|736|737|738|739
					872	
1076|1077|1078|1079	929|930|931|932	1042|1043|1044|1045	1037|1038	830|831|832	873|874|875|876	740|741|742|743
1080	933	1046	1039	833	877	744
1081	934	1047	1040	834	878	745
1082|1083|1084	935|936	1048|1049|1050	1041|1042|1043	835|836|837	879|880|881|882|883	746|747
1085|1086	937|938	1051|1052	1044|1045	838	884|885|886	748|749|750
1087|1088|1089|1090|1091	939|940|941|942	1053|1054|1055|1056|1057	1046|1047|1048|1049	839|840|841	887|888|889|890	751|752|753|754|755|756
1092	943	1058	1050	842		757
1093|1094	944|945|946	1059|1060	1051|1052	843|844|845	891	758|759
1095|1096	947|948|949	1061|1062	1053|1054|1055	846	892	760|761
1097|1098	950	1063	1056	847	893	762
1099	951	1064|1065	1057	848		763|764
1100|1101|1102|1103|1104|1105|1106	952|953|954|955|956|957	1066|1067|1068|1069|1070|1071|1072	1058|1059|1060|1061|1062|1063	849|850|851|852	894|895|896	765|766|767|768|769
1107|1108	958|959	1073|1074|1075	1064|1065|1066	853|854	897	770|771|772
1109|1110|1111	960|961|962|963|964	1076|1077|1078	1067|1068	855|856	898|899	773|774|775|776
1112|1113|1114|1115|1116|1117	965|966|967|968|969	1079|1080|1081|1082|1083|1084	1069|1070|1071|1072|1073|1074|1075|1076	857|858|859|860|861	900|901|902|903	777|778|779|780|781|782
1118|1119	970|971|972	1085|1086	1077|1078	862	904	783|784
1120	973	1087	1079|1080	863	905|906	785|786
1121	974	1088	1081	864	907	787
1122	975	1089	1082	865	908	788
1123	976	1090	1083	866	909	789
1124|1125|1126|1127	977|978|979	1091|1092|1093|1094	1084|1085|1086|1087	867|868|869	910|911	790|791|792|793
1128		1095	1088|1089	870	912	794
1129|1130|1131		1096|1097	1090|1091|1092	871|872|873	913|914	795|796|797
1132|1133	980	1098|1099	1093|1094	874	915|916	798|799
1134|1135|1136|1137|1138	981|982	1100|1101|1102	1095|1096|1097|1098	875|876|877	917|918|919|920	800|801|802|803
1139|1140|1141|1142	983|984|985|986	1103|1104|1105	1099|1100|1101	878|879|880	921|922	804|805|806
1143|1144	987|988	1106|1107	1102|1103	881	923	807|808
1145|1146	989|990	1108|1109|1110|1111	1104|1105|1106	882	924|925|926	809|810
1147	991|992	1112|1113	1107|1108	883|884	927|928	811
1148	993	1114	1109	885	929|930	812|813
1149|1150|1151|1152|1153	994|995|996	1115|1116|1117|1118	1110|1111|1112|1113	886|887|888|889|890	931|932|933|934	814|815|816|817
1154|1155	997	1119|1120|1121	1114|1115	891|892	935	818
1156|1157|1158|1159	998|999|1000	1122|1123|1124|1125	1116|1117|1118|1119	893|894|895	936|937|938	819|820|821|822
1160		1126	1120	896	939	823
1161|1162	1001	1127|1128	1121|1122	897|898	940|941	824|825
1163|1164|1165|1166|1167	1002	1129|1130|1131|1132|1133	1123|1124|1125|1126|1127	899|900	942|943|944	826|827|828|829|830|831
1168|1169	1003|1004|1005	1134|1135|1136	1128|1129|1130	901	945|946	832|833|834
1170|1171	1006|1007	1137|1138	1131|1132	902	947|948|949	835|836
1172	1008|1009	1139	1133|1134	903|904	950|951	837|838
1173	1010	1140	1135	905	952	839
1174|1175	1011|1012	1141|1142	1136|1137|1138	906|907	953	840|841
1176	1013	1143	1139	908	954	842
1177	1014	1144	1140	909	955	843
1178	1015	1145|1146	1141	910	956	844
1179|1180|1181|1182|1183|1184	1016|1017|1018	1147|1148|1149|1150	1142|1143|1144|1145|1146	911|912|913	957|958|959|960|961|962	845|846|847|848|849|850
1185	1019	1151	1147	914	963|964	851
					965	
1186	1020	1152	1148	915	966	852
1187|1188|1189	1021|1022	1153	1149|1150|1151|1152	916|917|918|919	967|968|969|970	853|854|855
1190	1023	1154	1153	920	971	856|857
1191|1192	1024	1155|1156	1154|1155	921|922	972|973|974	858|859
1193|1194	1025	1157|1158	1156|1157	923|924	975	860|861
1195		1159	1158	925	976	862
1196		1160	1159			863
1197|1198|1199	1026|1027	1161|1162|1163	1160|1161|1162	926	977|978	864|865
1200|1201|1202	1028|1029|1030	1164|1165|1166	1163|1164|1165	927|928	979|980|981	866|867
1203	1031	1167	1166	929	982	
1204|1205	1032|1033	1168|1169	1167|1168	930|931	983	
1206|1207	1034|1035	1170	1169|1170	932|933	984|985	
1208	1036	1171	1171	934	986	
1209	1037	1172|1173	1172	935	987	
1210|1211	1038|1039	1174|1175	1173|1174	936|937	988	
1212|1213	1040|1041|1042	1176|1177	1175|1176	938|939	989	
1214	1043|1044	1178|1179	1177	940|941	990|991	
1215	1045	1180	1178	942	992	
1216|1217|1218|1219	1046|1047|1048|1049	1181|1182|1183|1184	1179|1180|1181|1182	943|944|945	993|994|995|996	868
1220|1221|1222	1050|1051	1185	1183|1184	946	997	
1223	1052	1186	1185	947	998	
1224|1225	1053|1054	1187|1188	1186|1187	948|949	999	869
1226	1055	1189	1188	950	1000	
1227|1228	1056|1057	1190|1191|1192	1189|1190	951|952	1001|1002	870
1229|1230	1058|1059	1193|1194	1191	953	1003|1004|1005	
1231|1232	1060|1061	1195	1192	954|955	1006|1007	871
1233|1234|1235	1062|1063	1196	1193|1194	956|957	1008|1009	
1236|1237|1238|1239|1240|1241|1242	1064|1065|1066|1067	1197|1198|1199|1200|1201|1202	1195|1196|1197|1198|1199|1200	958|959|960|961|962|963|964	1010|1011|1012|1013|1014|1015|1016|1017	
1243	1068|1069	1203	1201	965	1018	
1244|1245	1070|1071|1072	1204|1205|1206|1207	1202|1203|1204	966|967|968	1019	
1246|1247	1073|1074	1208|1209	1205|1206	969|970|971	1020	
1248|1249|1250|1251|1252	1075|1076|1077|1078	1210|1211|1212|1213|1214|1215	1207|1208|1209|1210	972|973|974|975	1021|1022|1023|1024	
1253|1254|1255|1256|1257|1258	1079|1080|1081|1082|1083|1084|1085|1086	1216|1217|1218|1219|1220|1221	1211|1212|1213|1214|1215|1216	976|977|978	1025|1026|1027|1028	872
1259|1260	1087	1222|1223	1217|1218	979|980	1029|1030	
1261		1224	1219	981	1031	
1262		1225	1220	982	1032	
1263|1264	1088|1089	1226|1227	1221|1222	983|984	1033	
1265	1090	1228	1223	985|986	1034	
1266	1091|1092	1229|1230	1224|1225	987|988	1035|1036	
					1037	
1267|1268	1093|1094|1095	1231|1232	1226|1227	989|990	1038	
1269	1096	1233	1228|1229	991	1039	
1270|1271	1097|1098	1234	1230|1231	992|993	1040|1041	
1272	1099	1235	1232	994	1042	
1273	1100	1236	1233	995	1043	
1274|1275|1276|1277|1278	1101|1102|1103|1104|1105	1237|1238|1239|1240	1234|1235|1236|1237|1238|1239|1240	996|997|998	1044|1045|1046|1047|1048|1049|1050|1051	873|874
1279		1241	1241	999	1052	
1280		1242	1242	1000	1053	
1281		1243	1243|1244	1001|1002	1054	
1282		1244	1245	1003	1055|1056	
1283		1245	1246	1004	1057	
1284|1285|1286	1106	1246|1247|1248	1247|1248	1005|1006|1007	1058|1059|1060	
1287	1107	1249	1249	1008	1061	
1288|1289|1290	1108|1109	1250|1251	1250|1251|1252	1009|1010|1011	1062|1063|1064	
1291|1292	1110	1252|1253	1253|1254	1012|1013	1065	
1293		1254	1255	1014	1066	
1294		1255	1256	1015	1067	
1295|1296	1111	1256|1257	1257|1258	1016|1017	1068|1069|1070	
1297|1298	1112|1113	1258|1259|1260	1259|1260	1018	1071	
1299	1114	1261	1261	1019	1072	
1300	1115|1116	1262|1263	1262	1020	1073	
1301|1302	1117|1118	1264|1265	1263|1264	1021	1074|1075|1076	
1303|1304|1305|1306	1119|1120	1266|1267|1268|1269	1265|1266|1267	1022|1023|1024|1025	1077|1078|1079	875
1307|1308		1270	1268|1269	1026|1027	1080	
1309	1121	1271	1270	1028	1081	
1310	1122	1272	1271	1029	1082	
1311|1312|1313|1314|1315|1316	1123|1124|1125|1126	1273|1274|1275|1276	1272|1273|1274|1275|1276|1277	1030|1031|1032|1033|1034	1083|1084|1085|1086	
1317|1318	1127|1128|1129	1277	1278|1279	1035|1036|1037	1087|1088	
1319	1130|1131	1278|1279	1280	1038	1089	
1320|1321|1322|1323	1132|1133|1134|1135	1280|1281|1282|1283|1284|1285	1281|1282|1283|1284|1285|1286	1039|1040|1041	1090|1091|1092	876
		1286				
1324|1325|1326|1327	1136|1137|1138	1287|1288|1289	1287|1288|1289|1290	1042|1043|1044	1093|1094|1095	
1328	1139	1290	1291	1045	1096	
1329|1330|1331	1140|1141	1291|1292	1292|1293	1046|1047	1097|1098|1099|1100	877
1332|1333|1334	1142|1143|1144|1145	1293|1294	1294|1295|1296	1048|1049	1101|1102|1103	878
1335|1336	1146|1147|1148	1295|1296|1297	1297|1298|1299	1050|1051|1052	1104|1105	879
1337	1149|1150	1298|1299	1300|1301	1053	1106|1107	880|881
			1302			
1338|1339|1340	1151|1152	1300|1301|1302	1303|1304|1305	1054|1055|1056	1108|1109	882|883|884
1341	1153	1303	1306	1057|1058	1110	885
1342	1154	1304	1307	1059|1060	1111|1112	886|887
1343|1344	1155	1305	1308	1061	1113	888
1345	1156|1157	1306|1307	1309|1310	1062	1114|1115	889|890
1346	1158|1159	1308|1309	1311|1312	1063|1064	1116|1117	891
1347	1160	1310	1313	1065	1118	892
1348|1349	1161|1162	1311|1312|1313	1314	1066|1067	1119|1120|1121	893|894|895
1350	1163	1314	1315	1068	1122	896|897
1351|1352|1353|1354|1355	1164|1165|1166|1167|1168|1169	1315|1316|1317|1318|1319	1316|1317|1318|1319|1320|1321	1069|1070|1071	1123|1124|1125	898|899|900|901|902|903|904|905
1356|1357|1358|1359	1170|1171|1172	1320|1321|1322	1322|1323|1324|1325	1072|1073|1074|1075	1126|1127	906|907|908|909
1360	1173	1323	1326	1076	1128	910
1361|1362	1174|1175	1324|1325|1326	1327|1328	1077	1129	911
1363|1364	1176	1327|1328	1329	1078	1130	912
1365|1366|1367	1177|1178|1179	1329|1330	1330|1331|1332|1333	1079|1080|1081	1131|1132|1133	913
					1134	
					1135	
1368|1369	1180|1181	1331	1334|1335	1082	1136|1137|1138	
1370|1371	1182|1183	1332|1333	1336|1337	1083	1139|1140	
1372|1373	1184|1185	1334|1335	1338|1339	1084	1141	
1374	1186	1336	1340	1085	1142	
1375	1187	1337	1341	1086	1143	
1376	1188	1338	1342	1087	1144	
1377|1378	1189	1339|1340|1341	1343|1344	1088	1145	
1379|1380	1190|1191	1342|1343|1344	1345|1346	1089|1090	1146	914
1381|1382	1192|1193	1345|1346	1347|1348	1091|1092	1147	
1383|1384	1194|1195	1347|1348	1349|1350	1093|1094	1148	
1385|1386	1196|1197	1349|1350	1351|1352	1095|1096	1149	
1387|1388|1389|1390|1391|1392	1198|1199|1200|1201	1351|1352|1353|1354|1355	1353|1354|1355|1356	1097|1098|1099	1150|1151|1152|1153|1154	915|916
1393|1394|1395	1202|1203	1356|1357|1358	1357|1358	1100|1101	1155|1156	917
			1359			
1396|1397	1204|1205	1359|1360	1360	1102	1157	918
1398|1399	1206|1207	1361|1362|1363	1361	1103	1158|1159	919
1400|1401|1402	1208|1209	1364|1365	1362|1363	1104|1105|1106	1160|1161	920
1403|1404|1405|1406	1210|1211	1366|1367|1368|1369	1364|1365|1366|1367	1107|1108|1109	1162|1163|1164|1165	921
1407|1408	1212|1213	1370|1371	1368|1369	1110	1166|1167|1168|1169	
1409	1214	1372	1370	1111	1170	
1410|1411	1215|1216	1373	1371|1372	1112|1113	1171|1172|1173|1174	
1412|1413|1414	1217|1218	1374|1375	1373|1374|1375	1114|1115|1116	1175|1176|1177|1178	922
1415|1416	1219|1220	1376|1377	1376|1377	1117|1118	1179|1180	923
1417|1418	1221|1222	1378|1379	1378|1379	1119|1120	1181	
1419|1420|1421|1422|1423	1223|1224|1225|1226	1380|1381|1382|1383|1384	1380|1381|1382|1383|1384|1385	1121|1122|1123	1182|1183|1184	924|925
1424|1425|1426|1427|1428|1429|1430|1431|1432|1433|1434	1227|1228|1229|1230|1231|1232|1233|1234|1235	1385|1386|1387|1388|1389|1390|1391|1392|1393|1394	1386|1387|1388|1389|1390|1391|1392|1393|1394|1395	1124|1125|1126|1127|1128|1129|1130|1131	1185|1186|1187|1188|1189|1190|1191	926|927|928|929|930
		1395				
1435|1436|1437	1236|1237	1396|1397|1398|1399	1396|1397|1398	1132|1133|1134	1192|1193	931
1438|1439|1440	1238	1400|1401	1399|1400	1135|1136	1194|1195	932
1441	1239	1402	1401	1137	1196	
1442|1443|1444|1445|1446	1240|1241|1242	1403|1404|1405|1406|1407|1408	1402|1403|1404|1405|1406	1138|1139|1140|1141|1142|1143|1144	1197|1198|1199|1200|1201|1202|1203|1204	933|934|935
1447|1448	1243|1244	1409|1410	1407|1408	1145|1146|1147	1205|1206|1207	936
1449	1245	1411	1409	1148	1208	937
1450|1451	1246|1247	1412|1413	1410|1411|1412	1149	1209	938|939
1452|1453	1248|1249	1414|1415	1413|1414	1150|1151	1210	940|941
1454	1250	1416	1415	1152	1211	942
1455|1456	1251|1252	1417|1418|1419	1416|1417	1153	1212	943|944
1457|1458	1253|1254|1255	1420|1421	1418|1419|1420	1154	1213	945|946
1459|1460|1461|1462|1463	1256|1257|1258|1259|1260	1422|1423|1424|1425	1421|1422|1423|1424|1425	1155|1156	1214|1215|1216|1217	947|948|949|950
1464	1261	1426	1426	1157	1218	951
1465	1262	1427	1427	1158	1219	952
1466	1263	1428	1428	1159	1220	953
1467|1468|1469|1470	1264|1265|1266	1429|1430|1431|1432|1433	1429|1430|1431|1432|1433	1160|1161|1162|1163|1164|1165|1166	1221|1222|1223|1224	954|955
1471	1267|1268	1434	1434|1435	1167|1168	1225	956|957
1472	1269|1270	1435|1436	1436	1169|1170	1226|1227	958|959
1473	1271	1437	1437	1171	1228	960
1474|1475	1272|1273	1438|1439	1438|1439	1172|1173	1229	961|962
1476|1477|1478	1274|1275	1440|1441	1440|1441|1442|1443	1174|1175|1176	1230|1231|1232|1233	963|964|965|966
1479|1480	1276|1277	1442|1443	1444|1445	1177|1178	1234	967|968
1481	1278	1444	1446	1179	1235	969
1482|1483|1484|1485	1279|1280	1445|1446|1447	1447|1448|1449|1450	1180|1181|1182	1236|1237	970|971|972|973|974
1486	1281	1448	1451	1183	1238	975
1487|1488|1489	1282	1449|1450|1451	1452|1453|1454	1184|1185	1239|1240|1241	976|977
1490|1491|1492	1283	1452|1453	1455|1456|1457	1186|1187	1242|1243	978|979|980|981
1493	1284	1454|1455	1458|1459	1188|1189	1244	982|983
1494|1495|1496|1497	1285|1286	1456|1457	1460|1461|1462	1190|1191|1192	1245|1246|1247|1248	984|985|986
1498	1287	1458	1463	1193	1249	987
1499|1500|1501	1288|1289|1290	1459|1460|1461	1464|1465	1194|1195	1250|1251	988|989|990
1502	1291	1462	1466	1196	1252	991
1503|1504|1505	1292|1293|1294|1295	1463|1464	1467|1468	1197|1198	1253|1254	992|993|994
1506|1507|1508	1296|1297	1465|1466	1469|1470	1199|1200|1201	1255|1256	995|996
1509|1510	1298|1299	1467|1468	1471|1472	1202|1203	1257	997|998
1511	1300|1301	1469|1470	1473|1474	1204|1205	1258|1259	999
1512|1513|1514	1302|1303|1304	1471|1472	1475|1476	1206|1207	1260|1261	1000|1001|1002
1515|1516	1305|1306	1473	1477|1478	1208	1262|1263	1003|1004
1517|1518	1307	1474|1475|1476	1479|1480|1481	1209|1210|1211	1264|1265|1266|1267|1268|1269	1005|1006
1519	1308	1477|1478	1482	1212	1270|1271	1007|1008
